"city","date","year","month","day","dow","dow_name","day_summer","population","temp","hw_threshold","temp_above_hw_threshold","HW","O3_nohw_above25","O3","logO3_nohw_above25","logO3","logO3_base","HW_o3_increment_ppb","log_o3_ref","log_o3_sigma","true_mu","death"
"city",2011-06-01,2011,6,1,3,"Wed",1,10400000,22.3821711548601,31.6196056218104,0,0,0.0334475960070415,0.0334475960070415,-3.39777536324043,-3.39777536324043,-3.39777536324043,0,-3.39315364377426,1,135.196875753739,137
"city",2011-06-02,2011,6,2,4,"Thu",2,10400000,23.5868836678614,31.6196056218104,0,0,0.0360476752587784,0.0360476752587784,-3.32291290391088,-3.32291290391088,-3.32291290391088,0,-3.39315364377426,1,135.247491079181,144
"city",2011-06-03,2011,6,3,5,"Fri",3,10400000,23.9189776680417,31.6196056218104,0,0,0.0322085403184026,0.0322085403184026,-3.43552363431873,-3.43552363431873,-3.43552363431873,0,-3.39315364377426,1,133.826383406587,140
"city",2011-06-04,2011,6,4,6,"Sat",4,10400000,24.0870191004746,31.6196056218104,0,0,0.0337062912080497,0.0337062912080497,-3.39007077631543,-3.39007077631543,-3.39007077631543,0,-3.39315364377426,1,132.52490339889,134
"city",2011-06-05,2011,6,5,0,"Sun",5,10400000,24.1039336338682,31.6196056218104,0,0,0.0325281130852162,0.0325281130852162,-3.42565054555226,-3.42565054555226,-3.42565054555226,0,-3.39315364377426,1,132.501329468435,134
"city",2011-06-06,2011,6,6,1,"Mon",6,10400000,21.919399001907,31.6196056218104,0,0,0.0329189562799628,0.0329189562799628,-3.41370660841576,-3.41370660841576,-3.41370660841576,0,-3.39315364377426,1,136.544749871676,117
"city",2011-06-07,2011,6,7,2,"Tue",7,10400000,21.0808821703498,31.6196056218104,0,0,0.0374256141438943,0.0374256141438943,-3.28539993882059,-3.28539993882059,-3.28539993882059,0,-3.39315364377426,1,135.272861130428,120
"city",2011-06-08,2011,6,8,3,"Wed",8,10400000,18.2291325480358,31.6196056218104,0,0,0.0345477877642243,0.0345477877642243,-3.3654117607975,-3.3654117607975,-3.3654117607975,0,-3.39315364377426,1,135.218754813597,129
"city",2011-06-09,2011,6,9,4,"Thu",9,10400000,19.6546771533174,31.6196056218104,0,0,0.0322000146491127,0.0322000146491127,-3.43578837149049,-3.43578837149049,-3.43578837149049,0,-3.39315364377426,1,135.171181995792,141
"city",2011-06-10,2011,6,10,5,"Fri",10,10400000,17.6033727767605,31.6196056218104,0,0,0.0278682610098668,0.0278682610098668,-3.58026683592347,-3.58026683592347,-3.58026683592347,0,-3.39315364377426,1,133.729566148945,131
"city",2011-06-11,2011,6,11,6,"Sat",11,10400000,18.5093552347642,31.6196056218104,0,0,0.025596816936651,0.025596816936651,-3.66528727363935,-3.66528727363935,-3.66528727363935,0,-3.39315364377426,1,132.342663617525,124
"city",2011-06-12,2011,6,12,0,"Sun",12,10400000,21.9407138298819,31.6196056218104,0,0,0.0314936243111979,0.0314936243111979,-3.45797015645588,-3.45797015645588,-3.45797015645588,0,-3.39315364377426,1,132.479919241344,137
"city",2011-06-13,2011,6,13,1,"Mon",13,10400000,22.8592563136748,31.6196056218104,0,0,0.0314635853322947,0.0314635853322947,-3.45892442305546,-3.45892442305546,-3.45892442305546,0,-3.39315364377426,1,136.513882085294,149
"city",2011-06-14,2011,6,14,2,"Tue",14,10400000,22.4818732069257,31.6196056218104,0,0,0.0366183307611859,0.0366183307611859,-3.30720632348398,-3.30720632348398,-3.30720632348398,0,-3.39315364377426,1,135.258112874236,114
"city",2011-06-15,2011,6,15,3,"Wed",15,10400000,21.3622941407288,31.6196056218104,0,0,0.0355434383301606,0.0355434383301606,-3.3369997155733,-3.3369997155733,-3.3369997155733,0,-3.39315364377426,1,135.237965384978,140
"city",2011-06-16,2011,6,16,4,"Thu",16,10400000,19.9633039837531,31.6196056218104,0,0,0.0368239725734097,0.0368239725734097,-3.30160621726951,-3.30160621726951,-3.30160621726951,0,-3.39315364377426,1,135.261900226252,149
"city",2011-06-17,2011,6,17,5,"Fri",17,10400000,20.9620874973514,31.6196056218104,0,0,0.0336131082877733,0.0336131082877733,-3.39283916048067,-3.39283916048067,-3.39283916048067,0,-3.39315364377426,1,133.854947998447,143
"city",2011-06-18,2011,6,18,6,"Sat",18,10400000,21.9423447584241,31.6196056218104,0,0,0.0301399654336661,0.0301399654336661,-3.50190323264357,-3.50190323264357,-3.50190323264357,0,-3.39315364377426,1,132.450821185451,140
"city",2011-06-19,2011,6,19,0,"Sun",19,10400000,22.2073484450756,31.6196056218104,0,0,0.0285553394282653,0.0285553394282653,-3.55591134011175,-3.55591134011175,-3.55591134011175,0,-3.39315364377426,1,132.415058923375,121
"city",2011-06-20,2011,6,20,1,"Mon",20,10400000,21.7376187742582,31.6196056218104,0,0,0.0307718694045784,0.0307718694045784,-3.4811543373637,-3.4811543373637,-3.4811543373637,0,-3.39315364377426,1,136.498709469021,114
"city",2011-06-21,2011,6,21,2,"Tue",21,10400000,23.6618988883426,31.6196056218104,0,0,0.0277260103384505,0.0277260103384505,-3.58538430498676,-3.58538430498676,-3.58538430498676,0,-3.39315364377426,1,135.070114502957,136
"city",2011-06-22,2011,6,22,3,"Wed",22,10400000,22.3031724987158,31.6196056218104,0,0,0.0334243933778813,0.0334243933778813,-3.39846930491331,-3.39846930491331,-3.39846930491331,0,-3.39315364377426,1,135.196406660823,121
"city",2011-06-23,2011,6,23,4,"Thu",23,10400000,24.6104743748242,31.6196056218104,0,0,0.0281762131773959,0.0281762131773959,-3.5692771613357,-3.5692771613357,-3.5692771613357,0,-3.39315364377426,1,135.080992909687,153
"city",2011-06-24,2011,6,24,5,"Fri",24,10400000,24.7832576705472,31.6196056218104,0,0,0.0335972543895536,0.0335972543895536,-3.39331092994842,-3.39331092994842,-3.39331092994842,0,-3.39315364377426,1,133.854632255431,129
"city",2011-06-25,2011,6,25,6,"Sat",25,10400000,25.1075149026901,31.6196056218104,0,0,0.0306417799016525,0.0306417799016525,-3.48539084501195,-3.48539084501195,-3.48890578336922,0,-3.39315364377426,1,132.461757033395,133
"city",2011-06-26,2011,6,26,0,"Sun",26,10400000,24.181273626897,31.6196056218104,0,0,0.0339465639085331,0.0339465639085331,-3.38296764045203,-3.38296764045203,-3.38296764045203,0,-3.39315364377426,1,132.529610194443,109
"city",2011-06-27,2011,6,27,1,"Mon",27,10400000,24.9832328514547,31.6196056218104,0,0,0.0324170260997091,0.0324170260997091,-3.4290714973044,-3.4290714973044,-3.4290714973044,0,-3.39315364377426,1,136.534260300059,126
"city",2011-06-28,2011,6,28,2,"Tue",28,10400000,24.5431458628504,31.6196056218104,0,0,0.0346173722489845,0.0346173722489845,-3.36339963480158,-3.36339963480158,-3.36339963480158,0,-3.39315364377426,1,135.220115206298,146
"city",2011-06-29,2011,6,29,3,"Wed",29,10400000,21.0402767445972,31.6196056218104,0,0,0.0348206668630888,0.0348206668630888,-3.35754419309979,-3.35754419309979,-3.35754419309979,0,-3.39315364377426,1,135.224074131759,141
"city",2011-06-30,2011,6,30,4,"Thu",30,10400000,21.8370936391405,31.6196056218104,0,0,0.0331420395827239,0.0331420395827239,-3.40695272443803,-3.40695272443803,-3.40695272443803,0,-3.39315364377426,1,135.190672143265,115
"city",2011-07-01,2011,7,1,5,"Fri",31,10400000,23.9534089788159,31.6196056218104,0,0,0.0297210183836053,0.0297210183836053,-3.51590079378407,-3.51590079378407,-3.51590079378407,0,-3.39315364377426,1,135.117048384383,133
"city",2011-07-02,2011,7,2,6,"Sat",32,10400000,22.9803904559659,31.6196056218104,0,0,0.0292751711932208,0.0292751711932208,-3.53101552175386,-3.53101552175386,-3.53101552175386,0,-3.39315364377426,1,133.762501988493,131
"city",2011-07-03,2011,7,3,0,"Sun",33,10400000,24.4232365730219,31.6196056218104,0,0,0.0297196678016681,0.0297196678016681,-3.51594623679706,-3.51594623679706,-3.51594623679706,0,-3.39315364377426,1,133.772580894488,124
"city",2011-07-04,2011,7,4,1,"Mon",34,10400000,25.991940802402,31.6196056218104,0,0,0.0294691945059463,0.0294691945059463,-3.5244098152852,-3.5244098152852,-3.55864962603652,0,-3.39315364377426,1,137.840729248809,137
"city",2011-07-05,2011,7,5,2,"Tue",35,10400000,25.2142098624531,31.6196056218104,0,0,0.0266146491996186,0.0266146491996186,-3.6262934929959,-3.6262934929959,-3.63437462740904,0,-3.39315364377426,1,136.399688865598,129
"city",2011-07-06,2011,7,6,3,"Wed",36,10400000,26.024458900616,31.6196056218104,0,0,0.0323404036405646,0.0323404036405646,-3.4314379437557,-3.4314379437557,-3.46362789453285,0,-3.39315364377426,1,136.532644804537,141
"city",2011-07-07,2011,7,7,4,"Thu",37,10400000,25.4300661788978,31.6196056218104,0,0,0.0315780418649525,0.0315780418649525,-3.45529327762005,-3.45529327762005,-3.46900602186181,0,-3.39315364377426,1,136.516360616593,130
"city",2011-07-08,2011,7,8,5,"Fri",38,10400000,25.7847292341104,31.6196056218104,0,0,0.0336984590851506,0.0336984590851506,-3.39030316714546,-3.39030316714546,-3.41386538756456,0,-3.39315364377426,1,135.201926935933,133
"city",2011-07-09,2011,7,9,6,"Sat",39,10400000,26.3636303178754,31.6196056218104,0,0,0.0372979559122339,0.0372979559122339,-3.2888167551146,-3.2888167551146,-3.32606229561342,0,-3.39315364377426,1,133.924585674878,133
"city",2011-07-10,2011,7,10,0,"Sun",40,10400000,25.4350828916518,31.6196056218104,0,0,0.0360473871385421,0.0360473871385421,-3.32292089669781,-3.32292089669781,-3.33506407592603,0,-3.39315364377426,1,133.901750706694,145
"city",2011-07-11,2011,7,11,1,"Mon",41,10400000,28.2619690100705,31.6196056218104,0,0,0.0406686976912535,0.0406686976912535,-3.20229658093657,-3.20229658093657,-3.28590467948216,0,-3.39315364377426,1,138.062909734587,144
"city",2011-07-12,2011,7,12,2,"Tue",42,10400000,26.3825721214,31.6196056218104,0,0,0.0344207235534773,0.0344207235534773,-3.36909646711006,-3.36909646711006,-3.41009228128692,0,-3.39315364377426,1,136.575209671522,140
"city",2011-07-13,2011,7,13,3,"Wed",43,10400000,24.9511200705104,31.6196056218104,0,0,0.0373469040426738,0.0373469040426738,-3.28750526126264,-3.28750526126264,-3.28750526126264,0,-3.39315364377426,1,136.630937718275,138
"city",2011-07-14,2011,7,14,4,"Thu",44,10400000,26.2900515610394,31.6196056218104,0,0,0.0380241837122664,0.0380241837122664,-3.26953290820024,-3.26953290820024,-3.30404892476424,0,-3.39315364377426,1,136.643216167208,118
"city",2011-07-15,2011,7,15,5,"Fri",45,10400000,25.1855444675511,31.6196056218104,0,0,0.0359847002988869,0.0359847002988869,-3.32466142255818,-3.32466142255818,-3.32983096598378,0,-3.39315364377426,1,135.246308670549,144
"city",2011-07-16,2011,7,16,6,"Sat",46,10400000,27.3534202817896,31.6196056218104,0,0,0.0376520522164027,0.0376520522164027,-3.27936781848195,-3.27936781848195,-3.34391107118729,0,-3.39315364377426,1,133.930913048962,132
"city",2011-07-17,2011,7,17,0,"Sun",47,10400000,30.7922557985596,31.6196056218104,0,0,0.0396005994721546,0.0396005994721546,-3.22891102265056,-3.22891102265056,-3.38704765270829,0,-3.39315364377426,1,133.964705935161,146
"city",2011-07-18,2011,7,18,1,"Mon",48,10400000,27.1006499851989,31.6196056218104,0,0,0.0362908691761844,0.0362908691761844,-3.31618910719844,-3.31618910719844,-3.37581566438378,0,-3.39315364377426,1,137.984310448525,128
"city",2011-07-19,2011,7,19,2,"Tue",49,10400000,27.8928783903663,31.6196056218104,0,0,0.0352059454001414,0.0352059454001414,-3.34654030722755,-3.34654030722755,-3.43228357917615,0,-3.39315364377426,1,136.590613601466,115
"city",2011-07-20,2011,7,20,3,"Wed",50,10400000,26.4568675496441,31.6196056218104,0,0,0.0380594006423909,0.0380594006423909,-3.26860716494199,-3.26860716494199,-3.30763783078539,0,-3.39315364377426,1,136.643848651352,136
"city",2011-07-21,2011,7,21,4,"Thu",51,10400000,26.891263951885,31.6196056218104,0,0,0.0398357472471566,0.0398357472471566,-3.22299059776778,-3.22299059776778,-3.27163115342093,0,-3.39315364377426,1,136.675018322355,151
"city",2011-07-22,2011,7,22,5,"Fri",52,10400000,22.9019887458503,31.6196056218104,0,0,0.0404292528666367,0.0404292528666367,-3.20820167517776,-3.20820167517776,-3.20820167517776,0,-3.39315364377426,1,135.325085358815,142
"city",2011-07-23,2011,7,23,6,"Sat",53,10400000,24.2504421457527,31.6196056218104,0,0,0.032640509056637,0.032640509056637,-3.4222011529099,-3.4222011529099,-3.4222011529099,0,-3.39315364377426,1,133.835298201026,140
"city",2011-07-24,2011,7,24,0,"Sun",54,10400000,24.7105097327471,31.6196056218104,0,0,0.0363725569106746,0.0363725569106746,-3.31394071971379,-3.31394071971379,-3.31394071971379,0,-3.39315364377426,1,133.907763148774,122
"city",2011-07-25,2011,7,25,1,"Mon",55,10400000,22.7994701111869,31.6196056218104,0,0,0.0316656304444176,0.0316656304444176,-3.45252339939297,-3.45252339939297,-3.45252339939297,0,-3.39315364377426,1,137.890282533744,145
"city",2011-07-26,2011,7,26,2,"Tue",56,10400000,21.7155807804584,31.6196056218104,0,0,0.0330360457153488,0.0330360457153488,-3.41015601923063,-3.41015601923063,-3.41015601923063,0,-3.39315364377426,1,136.547173964755,170
"city",2011-07-27,2011,7,27,3,"Wed",57,10400000,23.584459460353,31.6196056218104,0,0,0.0328733588317188,0.0328733588317188,-3.41509271119896,-3.41509271119896,-3.41509271119896,0,-3.39315364377426,1,136.543803549667,150
"city",2011-07-28,2011,7,28,4,"Thu",58,10400000,22.8007615353976,31.6196056218104,0,0,0.0316142176048833,0.0316142176048833,-3.45414833536965,-3.45414833536965,-3.45414833536965,0,-3.39315364377426,1,136.517142135575,144
"city",2011-07-29,2011,7,29,5,"Fri",59,10400000,24.165165757306,31.6196056218104,0,0,0.0336981204820426,0.0336981204820426,-3.39031321522535,-3.39031321522535,-3.39031321522535,0,-3.39315364377426,1,135.201920143334,140
"city",2011-07-30,2011,7,30,6,"Sat",60,10400000,24.0863454829402,31.6196056218104,0,0,0.0338396816392621,0.0338396816392621,-3.38612115211159,-3.38612115211159,-3.38612115211159,0,-3.39315364377426,1,133.859444267266,120
"city",2011-07-31,2011,7,31,0,"Sun",61,10400000,28.7848574715295,31.6196056218104,0,0,0.0387115239464906,0.0387115239464906,-3.25161794687789,-3.25161794687789,-3.35450465915897,0,-3.39315364377426,1,133.949497166404,140
"city",2011-08-01,2011,8,1,1,"Mon",62,10400000,27.0666122080182,31.6196056218104,0,0,0.0361087133628035,0.0361087133628035,-3.32122107537704,-3.32122107537704,-3.38015725113067,0,-3.39315364377426,1,139.367569313545,132
"city",2011-08-02,2011,8,2,2,"Tue",63,10400000,26.5168138748637,31.6196056218104,0,0,0.0323100351985072,0.0323100351985072,-3.43237740974653,-3.43237740974653,-3.48046070011997,0,-3.39315364377426,1,137.904172914343,159
"city",2011-08-03,2011,8,3,3,"Wed",64,10400000,27.0386152729529,31.6196056218104,0,0,0.034502951176845,0.034502951176845,-3.36671041724545,-3.36671041724545,-3.42761314898658,0,-3.39315364377426,1,137.9494591099,141
"city",2011-08-04,2011,8,4,4,"Thu",65,10400000,25.0088606770035,31.6196056218104,0,0,0.0370993773618297,0.0370993773618297,-3.29415509220959,-3.29415509220959,-3.29439395700808,0,-3.39315364377426,1,137.999513027768,137
"city",2011-08-05,2011,8,5,5,"Fri",66,10400000,24.7953144722559,31.6196056218104,0,0,0.0336067189921362,0.0336067189921362,-3.39302926200026,-3.39302926200026,-3.39302926200026,0,-3.39315364377426,1,136.558867516924,113
"city",2011-08-06,2011,8,6,6,"Sat",67,10400000,25.011300826766,31.6196056218104,0,0,0.0295335496812853,0.0295335496812853,-3.52222838451462,-3.52222838451462,-3.52261110144282,0,-3.39315364377426,1,135.112773625091,112
"city",2011-08-07,2011,8,7,0,"Sun",68,10400000,27.5473177964314,31.6196056218104,0,0,0.0337120525946853,0.0337120525946853,-3.3898998618039,-3.3898998618039,-3.46846811835952,0,-3.39315364377426,1,135.202199574504,152
"city",2011-08-08,2011,8,8,1,"Mon",69,10400000,28.4407436992898,31.6196056218104,0,0,0.0336898262937337,0.0336898262937337,-3.39055937759556,-3.39055937759556,-3.49828942242157,0,-3.39315364377426,1,139.319260135018,119
"city",2011-08-09,2011,8,9,2,"Tue",70,10400000,28.8767521556493,31.6196056218104,0,0,0.0297922149421212,0.0297922149421212,-3.5135081631538,-3.5135081631538,-3.65291546963876,0,-3.39315364377426,1,137.848242911985,129
"city",2011-08-10,2011,8,10,3,"Wed",71,10400000,27.109418017061,31.6196056218104,0,0,0.0303759764953565,0.0303759764953565,-3.49410322984288,-3.49410322984288,-3.5660758522785,0,-3.39315364377426,1,137.861618240647,147
"city",2011-08-11,2011,8,11,4,"Thu",72,10400000,30.9712203887417,31.6196056218104,0,0,0.0432790530863588,0.0432790530863588,-3.14008652346424,-3.14008652346424,-3.28855198248436,0,-3.39315364377426,1,138.105860921977,140
"city",2011-08-12,2011,8,12,5,"Fri",73,10400000,31.3598488122163,31.6196056218104,0,0,0.044124288158071,0.044124288158071,-3.1207448962538,-3.1207448962538,-3.27638737719334,0,-3.39315364377426,1,136.74490835136,103
"city",2011-08-13,2011,8,13,6,"Sat",74,10400000,33.9392592747133,31.6196056218104,1,0,0.0510319730281714,0.0510319730281714,-2.97530292057038,-2.97530292057038,-3.16788062326126,0,-3.39315364377426,1,135.48276236718,143
"city",2011-08-14,2011,8,14,0,"Sun",75,10400000,30.6875604884514,31.6196056218104,0,0,0.0390119745931441,0.0390119745931441,-3.24388663913004,-3.24388663913004,-3.40146499432645,0,-3.39315364377426,1,135.300942158788,123
"city",2011-08-15,2011,8,15,1,"Mon",76,10400000,32.7598755446083,31.6196056218104,1,1,0.0304321113188916,0.0404321113188916,-3.49225693467068,-3.20813097510276,-3.49225693467068,1e-05,-3.39315364377426,1,164.942836298976,149
"city",2011-08-16,2011,8,16,2,"Tue",77,10400000,31.6307937472773,31.6196056218104,1,1,0.0253065020180994,0.0353065020180994,-3.67669391950385,-3.34368813885707,-3.67669391950385,1e-05,-3.39315364377426,1,162.969914433762,153
"city",2011-08-17,2011,8,17,3,"Wed",78,10400000,33.2667666412261,31.6196056218104,1,1,0.0272247207697066,0.0372247207697066,-3.60362986660849,-3.29078220158979,-3.60362986660849,1e-05,-3.39315364377426,1,163.099296906271,156
"city",2011-08-18,2011,8,18,4,"Thu",79,10400000,29.4242086113531,31.6196056218104,0,0,0.0304386119822734,0.0304386119822734,-3.49204334550814,-3.49204334550814,-3.64910491854398,0,-3.39315364377426,1,137.863038142898,118
"city",2011-08-19,2011,8,19,5,"Fri",80,10400000,28.6049635445635,31.6196056218104,0,0,0.0337614315739887,0.0337614315739887,-3.38843620571063,-3.38843620571063,-3.50135585047771,0,-3.39315364377426,1,136.562003665762,123
"city",2011-08-20,2011,8,20,6,"Sat",81,10400000,28.0097950436262,31.6196056218104,0,0,0.0340305823914282,0.0340305823914282,-3.38049567655675,-3.38049567655675,-3.47309773961511,0,-3.39315364377426,1,135.208557056623,132
"city",2011-08-21,2011,8,21,0,"Sun",82,10400000,25.9811930675431,31.6196056218104,0,0,0.0284500105654211,0.0284500105654211,-3.55960674704181,-3.55960674704181,-3.59470382683907,0,-3.39315364377426,1,135.087524513418,134
"city",2011-08-22,2011,8,22,1,"Mon",83,10400000,26.1074638420293,31.6196056218104,0,0,0.031869507357901,0.031869507357901,-3.44610560853553,-3.44610560853553,-3.48147370235526,0,-3.39315364377426,1,139.280572208698,142
"city",2011-08-23,2011,8,23,2,"Tue",84,10400000,24.1136969757827,31.6196056218104,0,0,0.0329880780207751,0.0329880780207751,-3.41160905488787,-3.41160905488787,-3.41160905488787,0,-3.39315364377426,1,137.918493871884,151
"city",2011-08-24,2011,8,24,3,"Wed",85,10400000,25.1290793514389,31.6196056218104,0,0,0.0305623740419279,0.0305623740419279,-3.48798563308305,-3.48798563308305,-3.49221804980405,0,-3.39315364377426,1,137.865835214086,128
"city",2011-08-25,2011,8,25,4,"Thu",86,10400000,25.5629974645648,31.6196056218104,0,0,0.0327405224780606,0.0327405224780606,-3.41914174876512,-3.41914174876512,-3.43648705108121,0,-3.39315364377426,1,137.913299480733,148
"city",2011-08-26,2011,8,26,5,"Fri",87,10400000,22.8030363554553,31.6196056218104,0,0,0.0300777521096178,0.0300777521096178,-3.5039695130913,-3.5039695130913,-3.5039695130913,0,-3.39315364377426,1,136.483139146922,131
"city",2011-08-27,2011,8,27,6,"Sat",88,10400000,25.831606119314,31.6196056218104,0,0,0.0288323558580447,0.0288323558580447,-3.54625705516412,-3.54625705516412,-3.57552399278217,0,-3.39315364377426,1,135.0965416985,149
"city",2011-08-28,2011,8,28,0,"Sun",89,10400000,25.4092835598666,31.6196056218104,0,0,0.0319187021287389,0.0319187021287389,-3.4445631673544,-3.4445631673544,-3.45746877565637,0,-3.39315364377426,1,135.165251628244,129
"city",2011-08-29,2011,8,29,1,"Mon",90,10400000,24.0722271939647,31.6196056218104,0,0,0.0284775528902091,0.0284775528902091,-3.55863911992886,-3.55863911992886,-3.55863911992886,0,-3.39315364377426,1,139.202225593017,137
"city",2011-08-30,2011,8,30,2,"Tue",91,10400000,25.6697339099845,31.6196056218104,0,0,0.0310502517990805,0.0310502517990805,-3.47214836116434,-3.47214836116434,-3.49395373491912,0,-3.39315364377426,1,137.876752739943,138
"city",2011-08-31,2011,8,31,3,"Wed",92,10400000,26.1293444207859,31.6196056218104,0,0,0.032108353701295,0.032108353701295,-3.43863904278697,-3.43863904278697,-3.47444542382984,0,-3.39315364377426,1,137.899855455301,148
"city",2012-06-01,2012,6,1,5,"Fri",1,10350000,22.3455326207626,31.6196056218104,0,0,0.0312450170233882,0.0312450170233882,-3.46589537076565,-3.46589537076565,-3.46589537076565,0,-3.39315364377426,1,133.162763875157,135
"city",2012-06-02,2012,6,2,6,"Sat",2,10350000,23.867368438743,31.6196056218104,0,0,0.0359711079496223,0.0359711079496223,-3.32503921970221,-3.32503921970221,-3.32503921970221,0,-3.39315364377426,1,131.930655746184,122
"city",2012-06-03,2012,6,3,0,"Sun",3,10350000,23.3358096646285,31.6196056218104,0,0,0.0383696066355189,0.0383696066355189,-3.2604896266518,-3.2604896266518,-3.2604896266518,0,-3.39315364377426,1,131.97324296898,143
"city",2012-06-04,2012,6,4,1,"Mon",4,10350000,23.3572267882449,31.6196056218104,0,0,0.0347902681272285,0.0347902681272285,-3.35841758282791,-3.35841758282791,-3.35841758282791,0,-3.39315364377426,1,135.925855575219,157
"city",2012-06-05,2012,6,5,2,"Tue",5,10350000,24.0103581728478,31.6196056218104,0,0,0.0279323922314942,0.0279323922314942,-3.57796825172639,-3.57796825172639,-3.57796825172639,0,-3.39315364377426,1,134.42572340167,140
"city",2012-06-06,2012,6,6,3,"Wed",6,10350000,20.162416001985,31.6196056218104,0,0,0.0302275910992416,0.0302275910992416,-3.49900015913358,-3.49900015913358,-3.49900015913358,0,-3.39315364377426,1,134.478810596329,146
"city",2012-06-07,2012,6,7,4,"Thu",7,10350000,21.7599657093175,31.6196056218104,0,0,0.0307277724119535,0.0307277724119535,-3.48258839450223,-3.48258839450223,-3.48258839450223,0,-3.39315364377426,1,134.489846222045,118
"city",2012-06-08,2012,6,8,5,"Fri",8,10350000,21.8866059315414,31.6196056218104,0,0,0.029554286643738,0.029554286643738,-3.52152648156492,-3.52152648156492,-3.52152648156492,0,-3.39315364377426,1,133.125729063757,119
"city",2012-06-09,2012,6,9,6,"Sat",9,10350000,20.9988942837102,31.6196056218104,0,0,0.0325369426648476,0.0325369426648476,-3.42537913781784,-3.42537913781784,-3.42537913781784,0,-3.39315364377426,1,131.864482791071,122
"city",2012-06-10,2012,6,10,0,"Sun",10,10350000,18.6161486154538,31.6196056218104,0,0,0.0269848467196042,0.0269848467196042,-3.61247980313503,-3.61247980313503,-3.61247980313503,0,-3.39315364377426,1,131.74118081246,119
"city",2012-06-11,2012,6,11,1,"Mon",11,10350000,18.0188316075679,31.6196056218104,0,0,0.0319206353256907,0.0319206353256907,-3.44450260291155,-3.44450260291155,-3.44450260291155,0,-3.39315364377426,1,135.867362264581,123
"city",2012-06-12,2012,6,12,2,"Tue",12,10350000,20.915823063094,31.6196056218104,0,0,0.0323308734070595,0.0323308734070595,-3.43173267223515,-3.43173267223515,-3.43173267223515,0,-3.39315364377426,1,134.524048461646,159
"city",2012-06-13,2012,6,13,3,"Wed",13,10350000,20.588577179989,31.6196056218104,0,0,0.0321744754161457,0.0321744754161457,-3.43658182971535,-3.43658182971535,-3.43658182971535,0,-3.39315364377426,1,134.520786859707,144
"city",2012-06-14,2012,6,14,4,"Thu",14,10350000,19.8793912427635,31.6196056218104,0,0,0.0345236815916217,0.0345236815916217,-3.36610976747974,-3.36610976747974,-3.36610976747974,0,-3.39315364377426,1,134.568194997907,141
"city",2012-06-15,2012,6,15,5,"Fri",15,10350000,22.2738531792395,31.6196056218104,0,0,0.0305933676204219,0.0305933676204219,-3.48697203794693,-3.48697203794693,-3.48697203794693,0,-3.39315364377426,1,133.148731478284,113
"city",2012-06-16,2012,6,16,6,"Sat",16,10350000,20.8220521814252,31.6196056218104,0,0,0.0309674750951881,0.0309674750951881,-3.47481781576041,-3.47481781576041,-3.47481781576041,0,-3.39315364377426,1,131.831890791017,109
"city",2012-06-17,2012,6,17,0,"Sun",17,10350000,20.41016010395,31.6196056218104,0,0,0.0264433320272535,0.0264433320272535,-3.63275124972798,-3.63275124972798,-3.63275124972798,0,-3.39315364377426,1,131.72782856759,134
"city",2012-06-18,2012,6,18,1,"Mon",18,10350000,22.3478987449477,31.6196056218104,0,0,0.0313735601171651,0.0313735601171651,-3.46178977526329,-3.46178977526329,-3.46178977526329,0,-3.39315364377426,1,135.855618959568,139
"city",2012-06-19,2012,6,19,2,"Tue",19,10350000,20.8720527396951,31.6196056218104,0,0,0.0337692077732269,0.0337692077732269,-3.38820590434379,-3.38820590434379,-3.38820590434379,0,-3.39315364377426,1,134.553328632874,151
"city",2012-06-20,2012,6,20,3,"Wed",20,10350000,22.0426364060346,31.6196056218104,0,0,0.0371342551178772,0.0371342551178772,-3.29321541682395,-3.29321541682395,-3.29321541682395,0,-3.39315364377426,1,134.617250242956,160
"city",2012-06-21,2012,6,21,4,"Thu",21,10350000,21.7759073715258,31.6196056218104,0,0,0.0346273380808583,0.0346273380808583,-3.36311179095344,-3.36311179095344,-3.36311179095344,0,-3.39315364377426,1,134.570212174475,118
"city",2012-06-22,2012,6,22,5,"Fri",22,10350000,23.2525583888838,31.6196056218104,0,0,0.0318061566438835,0.0318061566438835,-3.4480954027815,-3.4480954027815,-3.4480954027815,0,-3.39315364377426,1,133.17461586723,142
"city",2012-06-23,2012,6,23,6,"Sat",23,10350000,23.4753698211354,31.6196056218104,0,0,0.0328830692063298,0.0328830692063298,-3.4147973674593,-3.4147973674593,-3.4147973674593,0,-3.39315364377426,1,131.871459774018,138
"city",2012-06-24,2012,6,24,0,"Sun",24,10350000,22.7011345573835,31.6196056218104,0,0,0.0358523432356452,0.0358523432356452,-3.3283463518509,-3.3283463518509,-3.3283463518509,0,-3.39315364377426,1,131.928474203655,131
"city",2012-06-25,2012,6,25,1,"Mon",25,10350000,21.5789134230672,31.6196056218104,0,0,0.039209346379933,0.039209346379933,-3.23884013254566,-3.23884013254566,-3.23884013254566,0,-3.39315364377426,1,136.007148210898,143
"city",2012-06-26,2012,6,26,2,"Tue",26,10350000,22.6128990397962,31.6196056218104,0,0,0.0405650292684323,0.0405650292684323,-3.20484893161602,-3.20484893161602,-3.20484893161602,0,-3.39315364377426,1,134.676741650867,135
"city",2012-06-27,2012,6,27,3,"Wed",27,10350000,22.3389427309496,31.6196056218104,0,0,0.0385980830354376,0.0385980830354376,-3.25455266603893,-3.25455266603893,-3.25455266603893,0,-3.39315364377426,1,134.643276124443,122
"city",2012-06-28,2012,6,28,4,"Thu",28,10350000,20.5235799747743,31.6196056218104,0,0,0.0330612974156214,0.0330612974156214,-3.40939194308762,-3.40939194308762,-3.40939194308762,0,-3.39315364377426,1,134.539076127605,133
"city",2012-06-29,2012,6,29,5,"Fri",29,10350000,20.4385832684906,31.6196056218104,0,0,0.0342963577608445,0.0342963577608445,-3.37271611817904,-3.37271611817904,-3.37271611817904,0,-3.39315364377426,1,133.224818363563,121
"city",2012-06-30,2012,6,30,6,"Sat",30,10350000,20.5356976838632,31.6196056218104,0,0,0.0347885376951053,0.0347885376951053,-3.35846732303552,-3.35846732303552,-3.35846732303552,0,-3.39315364377426,1,131.90860663092,176
"city",2012-07-01,2012,7,1,0,"Sun",31,10350000,18.9358180457608,31.6196056218104,0,0,0.0367689193147495,0.0367689193147495,-3.30310237450746,-3.30310237450746,-3.30310237450746,0,-3.39315364377426,1,133.271197826496,141
"city",2012-07-02,2012,7,2,1,"Mon",32,10350000,19.5357957398524,31.6196056218104,0,0,0.0330387948758082,0.0330387948758082,-3.41007280569772,-3.41007280569772,-3.41007280569772,0,-3.39315364377426,1,137.256478486528,121
"city",2012-07-03,2012,7,3,2,"Tue",33,10350000,21.2870557309519,31.6196056218104,0,0,0.036463179181382,0.036463179181382,-3.31145231711551,-3.31145231711551,-3.31145231711551,0,-3.39315364377426,1,135.957778292841,129
"city",2012-07-04,2012,7,4,3,"Wed",34,10350000,23.012391942224,31.6196056218104,0,0,0.0345833601889171,0.0345833601889171,-3.36438263199274,-3.36438263199274,-3.36438263199274,0,-3.39315364377426,1,135.921801613618,141
"city",2012-07-05,2012,7,5,4,"Thu",35,10350000,25.6895494067413,31.6196056218104,0,0,0.0344032621018291,0.0344032621018291,-3.36960389055718,-3.36960389055718,-3.38985061948842,0,-3.39315364377426,1,135.918253245582,131
"city",2012-07-06,2012,7,6,5,"Fri",36,10350000,26.9760022696171,31.6196056218104,0,0,0.0389300157627945,0.0389300157627945,-3.24598971245889,-3.24598971245889,-3.29808101791482,0,-3.39315364377426,1,134.649040968469,141
"city",2012-07-07,2012,7,7,6,"Sat",37,10350000,27.6873812847848,31.6196056218104,0,0,0.0405522658963203,0.0405522658963203,-3.20516362091111,-3.20516362091111,-3.2737311237857,0,-3.39315364377426,1,133.336475883347,122
"city",2012-07-08,2012,7,8,0,"Sun",38,10350000,28.8900055662531,31.6196056218104,0,0,0.0326219598002762,0.0326219598002762,-3.42276960387981,-3.42276960387981,-3.54974538762818,0,-3.39315364377426,1,133.191480702697,135
"city",2012-07-09,2012,7,9,1,"Mon",39,10350000,30.1111362822921,31.6196056218104,0,0,0.0386263424277526,0.0386263424277526,-3.25382078895711,-3.25382078895711,-3.39575602834941,0,-3.39315364377426,1,137.363753393745,137
"city",2012-07-10,2012,7,10,2,"Tue",40,10350000,28.6661386774311,31.6196056218104,0,0,0.035765192616695,0.035765192616695,-3.33078013181641,-3.33078013181641,-3.43892872157756,0,-3.39315364377426,1,135.944640093953,132
"city",2012-07-11,2012,7,11,3,"Wed",41,10350000,29.4943499620703,31.6196056218104,0,0,0.0412446635092865,0.0412446635092865,-3.18823354404224,-3.18823354404224,-3.30360852146265,0,-3.39315364377426,1,136.041566854155,136
"city",2012-07-12,2012,7,12,4,"Thu",42,10350000,28.5695599815513,31.6196056218104,0,0,0.0425251994038592,0.0425251994038592,-3.15765845161399,-3.15765845161399,-3.24533173095056,0,-3.39315364377426,1,136.062365861347,139
"city",2012-07-13,2012,7,13,5,"Fri",43,10350000,28.8527549695196,31.6196056218104,0,0,0.0377790192772045,0.0377790192772045,-3.27600137602801,-3.27600137602801,-3.38356580622726,0,-3.39315364377426,1,134.628837275786,112
"city",2012-07-14,2012,7,14,6,"Sat",44,10350000,30.2000149744077,31.6196056218104,0,0,0.035935687097399,0.035935687097399,-3.32602440768243,-3.32602440768243,-3.48233134053655,0,-3.39315364377426,1,133.255924467664,108
"city",2012-07-15,2012,7,15,0,"Sun",45,10350000,28.8078917597717,31.6196056218104,0,0,0.0394218110408195,0.0394218110408195,-3.23343603613074,-3.23343603613074,-3.33501872650056,0,-3.39315364377426,1,133.317628494481,151
"city",2012-07-16,2012,7,16,1,"Mon",46,10350000,28.6100414686898,31.6196056218104,0,0,0.0405818801292208,0.0405818801292208,-3.20443361423288,-3.20443361423288,-3.29759877341767,0,-3.39315364377426,1,137.397677620575,129
"city",2012-07-17,2012,7,17,2,"Tue",47,10350000,28.8833376785196,31.6196056218104,0,0,0.0441819814898884,0.0441819814898884,-3.11943823161365,-3.11943823161365,-3.21143746291911,0,-3.39315364377426,1,136.088370013764,131
"city",2012-07-18,2012,7,18,3,"Wed",48,10350000,32.0621018700465,31.6196056218104,1,1,0.0403174989151042,0.0503174989151042,-3.21096968801841,-2.98940237142013,-3.21096968801841,1e-05,-3.39315364377426,1,161.428223900579,168
"city",2012-07-19,2012,7,19,4,"Thu",49,10350000,32.4657802081999,31.6196056218104,1,1,0.0395485285410887,0.0495485285410887,-3.23022679048996,-3.00480271509333,-3.23022679048996,1e-05,-3.39315364377426,1,161.390937455526,187
"city",2012-07-20,2012,7,20,5,"Fri",50,10350000,29.5852517697774,31.6196056218104,0,0,0.0387549900073244,0.0387549900073244,-3.25049575709093,-3.25049575709093,-3.37641487347699,0,-3.39315364377426,1,134.646007329702,138
"city",2012-07-21,2012,7,21,6,"Sat",51,10350000,28.4018084291903,31.6196056218104,0,0,0.0412549277859163,0.0412549277859163,-3.18798471185964,-3.18798471185964,-3.27404188884256,0,-3.39315364377426,1,133.347929251193,134
"city",2012-07-22,2012,7,22,0,"Sun",52,10350000,29.6610013967519,31.6196056218104,0,0,0.0416982063301604,0.0416982063301604,-3.17729716476771,-3.17729716476771,-3.29583233281257,0,-3.39315364377426,1,133.355055252958,127
"city",2012-07-23,2012,7,23,1,"Mon",53,10350000,29.7584552621279,31.6196056218104,0,0,0.0405891489509979,0.0405891489509979,-3.2042545153135,-3.2042545153135,-3.32895038729254,0,-3.39315364377426,1,137.397800659508,142
"city",2012-07-24,2012,7,24,2,"Tue",54,10350000,31.4695081717528,31.6196056218104,0,0,0.0404621138119725,0.0404621138119725,-3.20738920411953,-3.20738920411953,-3.38161225918844,0,-3.39315364377426,1,136.028537648067,153
"city",2012-07-25,2012,7,25,3,"Wed",55,10350000,31.7435467572727,31.6196056218104,1,0,0.04022624619674,0.04022624619674,-3.21323560593125,-3.21323560593125,-3.39672640819218,0,-3.39315364377426,1,136.024561318741,135
"city",2012-07-26,2012,7,26,4,"Thu",56,10350000,31.6195474119693,31.6196056218104,0,0,0.0394850652495841,0.0394850652495841,-3.23183277351822,-3.23183277351822,-3.41533126088336,0,-3.39315364377426,1,136.011913548968,146
"city",2012-07-27,2012,7,27,5,"Fri",57,10350000,31.9491792848767,31.6196056218104,1,0,0.0397015744253458,0.0397015744253458,-3.22636443400619,-3.22636443400619,-3.41877918551491,0,-3.39315364377426,1,134.662254241356,155
"city",2012-07-28,2012,7,28,6,"Sat",58,10350000,29.8483740040572,31.6196056218104,0,0,0.0372158006239591,0.0372158006239591,-3.29102185992703,-3.29102185992703,-3.43060271312597,0,-3.39315364377426,1,133.279247992861,132
"city",2012-07-29,2012,7,29,0,"Sun",59,10350000,31.5007029719478,31.6196056218104,0,0,0.0389691840256992,0.0389691840256992,-3.24498409837526,-3.24498409837526,-3.42748547395078,0,-3.39315364377426,1,133.309930915353,149
"city",2012-07-30,2012,7,30,1,"Mon",60,10350000,32.2749128004668,31.6196056218104,1,0,0.0415662953739456,0.0415662953739456,-3.18046564746737,-3.18046564746737,-3.37286119330034,0,-3.39315364377426,1,137.414144322093,145
"city",2012-07-31,2012,7,31,2,"Tue",61,10350000,29.7069189922036,31.6196056218104,0,0,0.0381125768100664,0.0381125768100664,-3.26721095131876,-3.26721095131876,-3.39902999760093,0,-3.39315364377426,1,135.987856408473,134
"city",2012-08-01,2012,8,1,3,"Wed",62,10350000,28.0027750489397,31.6196056218104,0,0,0.034490128279336,0.034490128279336,-3.36708213272062,-3.36708213272062,-3.45816929851645,0,-3.39315364377426,1,137.285985399623,151
"city",2012-08-02,2012,8,2,4,"Thu",63,10350000,26.6569324869044,31.6196056218104,0,0,0.0291280260514436,0.0291280260514436,-3.53605447373136,-3.53605447373136,-3.59462097025564,0,-3.39315364377426,1,137.170046710894,118
"city",2012-08-03,2012,8,3,5,"Fri",64,10350000,25.1808216504054,31.6196056218104,0,0,0.0287935003552075,0.0287935003552075,-3.54760559942113,-3.54760559942113,-3.55390534803306,0,-3.39315364377426,1,135.797338654356,144
"city",2012-08-04,2012,8,4,6,"Sat",65,10350000,25.2780597669588,31.6196056218104,0,0,0.0310404969772753,0.0310404969772753,-3.47246257292946,-3.47246257292946,-3.48146090437825,0,-3.39315364377426,1,134.496655495348,152
"city",2012-08-05,2012,8,5,0,"Sun",66,10350000,28.6961787859417,31.6196056218104,0,0,0.034483254082701,0.034483254082701,-3.36728146169137,-3.36728146169137,-3.48066031029537,0,-3.39315364377426,1,134.567406636341,131
"city",2012-08-06,2012,8,6,1,"Mon",67,10350000,27.6212739230818,31.6196056218104,0,0,0.0354454206137814,0.0354454206137814,-3.33976121308507,-3.33976121308507,-3.41659085484482,0,-3.39315364377426,1,138.684676161739,139
"city",2012-08-07,2012,8,7,2,"Tue",68,10350000,27.23282726396,31.6196056218104,0,0,0.0314779676709055,0.0314779676709055,-3.45846741689101,-3.45846741689101,-3.53204185904053,0,-3.39315364377426,1,137.223270134903,111
"city",2012-08-08,2012,8,8,3,"Wed",69,10350000,27.6839506102092,31.6196056218104,0,0,0.0326927573284864,0.0326927573284864,-3.42060171403661,-3.42060171403661,-3.50626438312358,0,-3.39315364377426,1,137.24925287232,137
"city",2012-08-09,2012,8,9,4,"Thu",70,10350000,29.2534119095335,31.6196056218104,0,0,0.0338708155742507,0.0338708155742507,-3.38520153289555,-3.38520153289555,-3.519393128788,0,-3.39315364377426,1,137.273548264476,132
"city",2012-08-10,2012,8,10,5,"Fri",71,10350000,30.6134780877597,31.6196056218104,0,0,0.03759168341884,0.03759168341884,-3.2809724387206,-3.2809724387206,-3.44270069162882,0,-3.39315364377426,1,135.978499754516,131
"city",2012-08-11,2012,8,11,6,"Sat",72,10350000,31.213008046601,31.6196056218104,0,0,0.0390422867573251,0.0390422867573251,-3.24310994442611,-3.24310994442611,-3.41643451814179,0,-3.39315364377426,1,134.650979772447,151
"city",2012-08-12,2012,8,12,0,"Sun",73,10350000,29.866034038845,31.6196056218104,0,0,0.0377316340023566,0.0377316340023566,-3.27725643816852,-3.27725643816852,-3.4153287620396,0,-3.39315364377426,1,134.627992440653,135
"city",2012-08-13,2012,8,13,1,"Mon",74,10350000,31.305175793045,31.6196056218104,0,0,0.0390345848179835,0.0390345848179835,-3.24330723561392,-3.24330723561392,-3.41948124669871,0,-3.39315364377426,1,138.751575735417,123
"city",2012-08-14,2012,8,14,2,"Tue",75,10350000,32.3029215064687,31.6196056218104,1,0,0.0421288699424596,0.0421288699424596,-3.16702202645897,-3.16702202645897,-3.35739252534423,0,-3.39315364377426,1,137.423381350924,123
"city",2012-08-15,2012,8,15,3,"Wed",76,10350000,30.1724100281405,31.6196056218104,0,0,0.0369241086437281,0.0369241086437281,-3.29889059049782,-3.29889059049782,-3.44980905537095,0,-3.39315364377426,1,137.332802095776,136
"city",2012-08-16,2012,8,16,4,"Thu",77,10350000,29.2783993568679,31.6196056218104,0,0,0.0372369079049865,0.0372369079049865,-3.29045486157304,-3.29045486157304,-3.41250582532517,0,-3.39315364377426,1,137.338594729393,151
"city",2012-08-17,2012,8,17,5,"Fri",78,10350000,28.854917630442,31.6196056218104,0,0,0.0341201237003146,0.0341201237003146,-3.37786793091638,-3.37786793091638,-3.49775654081076,0,-3.39315364377426,1,135.912637191959,127
"city",2012-08-18,2012,8,18,6,"Sat",79,10350000,26.3291342947877,31.6196056218104,0,0,0.0314607500939296,0.0314607500939296,-3.45901453885399,-3.45901453885399,-3.50218029969264,0,-3.39315364377426,1,134.505699377432,129
"city",2012-08-19,2012,8,19,0,"Sun",80,10350000,28.1477848724719,31.6196056218104,0,0,0.0326657870814558,0.0326657870814558,-3.42142701542007,-3.42142701542007,-3.52275495738741,0,-3.39315364377426,1,134.530980433625,136
"city",2012-08-20,2012,8,20,1,"Mon",81,10350000,28.1775760253137,31.6196056218104,0,0,0.035994679056453,0.035994679056453,-3.32438415543753,-3.32438415543753,-3.41680546561525,0,-3.39315364377426,1,138.695339382957,161
"city",2012-08-21,2012,8,21,2,"Tue",82,10350000,25.72540527912,31.6196056218104,0,0,0.0361213689301284,0.0361213689301284,-3.32087065164631,-3.32087065164631,-3.34115748650127,0,-3.39315364377426,1,137.317710008165,122
"city",2012-08-22,2012,8,22,3,"Wed",83,10350000,23.4792632382746,31.6196056218104,0,0,0.0353055259601775,0.0353055259601775,-3.3437157845132,-3.3437157845132,-3.3437157845132,0,-3.39315364377426,1,137.302025697307,140
"city",2012-08-23,2012,8,23,4,"Thu",84,10350000,23.945364420958,31.6196056218104,0,0,0.0349629738454919,0.0349629738454919,-3.35346566758224,-3.35346566758224,-3.35346566758224,0,-3.39315364377426,1,137.295332466975,160
"city",2012-08-24,2012,8,24,5,"Fri",85,10350000,23.29007497575,31.6196056218104,0,0,0.0373683274970287,0.0373683274970287,-3.28693179171699,-3.28693179171699,-3.28693179171699,0,-3.39315364377426,1,135.97444809548,158
"city",2012-08-25,2012,8,25,6,"Sat",86,10350000,22.6833348898499,31.6196056218104,0,0,0.0371196945272324,0.0371196945272324,-3.29360760042902,-3.29360760042902,-3.29360760042902,0,-3.39315364377426,1,134.616986269823,126
"city",2012-08-26,2012,8,26,0,"Sun",87,10350000,24.208597655737,31.6196056218104,0,0,0.0331929772112475,0.0331929772112475,-3.40541695521698,-3.40541695521698,-3.40541695521698,0,-3.39315364377426,1,134.541750110157,134
"city",2012-08-27,2012,8,27,1,"Mon",88,10350000,28.1768548715967,31.6196056218104,0,0,0.0373204333431027,0.0373204333431027,-3.28821429151889,-3.28821429151889,-3.3771807495486,0,-3.39315364377426,1,138.720424608969,140
"city",2012-08-28,2012,8,28,2,"Tue",89,10350000,27.1551651101133,31.6196056218104,0,0,0.033817292165809,0.033817292165809,-3.3867830047784,-3.3867830047784,-3.4526340424621,0,-3.39315364377426,1,137.272462797483,144
"city",2012-08-29,2012,8,29,3,"Wed",90,10350000,26.9280749138208,31.6196056218104,0,0,0.0360367906859222,0.0360367906859222,-3.32321489887737,-3.32321489887737,-3.3782023328616,0,-3.39315364377426,1,137.316100484291,126
"city",2012-08-30,2012,8,30,4,"Thu",91,10350000,27.3868358347825,31.6196056218104,0,0,0.0338550062148749,0.0338550062148749,-3.38566839647122,-3.38566839647122,-3.45877870813764,0,-3.39315364377426,1,137.273227824752,132
"city",2012-08-31,2012,8,31,5,"Fri",92,10350000,28.0220135823443,31.6196056218104,0,0,0.0339394826910421,0.0339394826910421,-3.38317626115898,-3.38317626115898,-3.47643391150122,0,-3.39315364377426,1,135.909029894019,138
"city",2013-06-01,2013,6,1,6,"Sat",1,10300000,19.6875218540201,31.6196056218104,0,0,0.0308390414536191,0.0308390414536191,-3.4789738120405,-3.4789738120405,-3.4789738120405,0,-3.39315364377426,1,131.192295551592,132
"city",2013-06-02,2013,6,2,0,"Sun",2,10300000,20.3994636421828,31.6196056218104,0,0,0.0333385072360474,0.0333385072360474,-3.40104217662566,-3.40104217662566,-3.40104217662566,0,-3.39315364377426,1,131.243425663309,120
"city",2013-06-03,2013,6,3,1,"Mon",3,10300000,22.9199629785745,31.6196056218104,0,0,0.0303470347671997,0.0303470347671997,-3.49505646749519,-3.49505646749519,-3.49505646749519,0,-3.39315364377426,1,135.176825322314,143
"city",2013-06-04,2013,6,4,2,"Tue",4,10300000,22.2168832037884,31.6196056218104,0,0,0.0267914708033008,0.0267914708033008,-3.61967169572693,-3.61967169572693,-3.61967169572693,0,-3.39315364377426,1,133.748432012633,107
"city",2013-06-05,2013,6,5,3,"Wed",5,10300000,22.0743362529112,31.6196056218104,0,0,0.0279930689344595,0.0279930689344595,-3.57579833750455,-3.57579833750455,-3.57579833750455,0,-3.39315364377426,1,133.777775195322,136
"city",2013-06-06,2013,6,6,4,"Thu",6,10300000,22.2525932853712,31.6196056218104,0,0,0.0324630354457565,0.0324630354457565,-3.42765320784339,-3.42765320784339,-3.42765320784339,0,-3.39315364377426,1,133.876904533872,134
"city",2013-06-07,2013,6,7,5,"Fri",7,10300000,22.6327434430441,31.6196056218104,0,0,0.0345354723736709,0.0345354723736709,-3.36576829842063,-3.36576829842063,-3.36576829842063,0,-3.39315364377426,1,132.585826039324,127
"city",2013-06-08,2013,6,8,6,"Sat",8,10300000,21.5362109510249,31.6196056218104,0,0,0.0363498014066376,0.0363498014066376,-3.31456653838376,-3.31456653838376,-3.31456653838376,0,-3.39315364377426,1,131.300184728112,133
"city",2013-06-09,2013,6,9,0,"Sun",9,10300000,21.510571373867,31.6196056218104,0,0,0.0323112277280647,0.0323112277280647,-3.43234050147506,-3.43234050147506,-3.43234050147506,0,-3.39315364377426,1,131.222888773423,133
"city",2013-06-10,2013,6,10,1,"Mon",10,10300000,20.2959219625127,31.6196056218104,0,0,0.0360082830125337,0.0360082830125337,-3.32400628330973,-3.32400628330973,-3.32400628330973,0,-3.39315364377426,1,135.29248487858,148
"city",2013-06-11,2013,6,11,2,"Tue",11,10300000,18.2167371352814,31.6196056218104,0,0,0.0323950828288231,0.0323950828288231,-3.42974863224375,-3.42974863224375,-3.42974863224375,0,-3.39315364377426,1,133.875501896557,133
"city",2013-06-12,2013,6,12,3,"Wed",12,10300000,17.7433182943027,31.6196056218104,0,0,0.0367688363243108,0.0367688363243108,-3.30310463159127,-3.30310463159127,-3.30310463159127,0,-3.39315364377426,1,133.960301387839,117
"city",2013-06-13,2013,6,13,4,"Thu",13,10300000,19.2103668991298,31.6196056218104,0,0,0.0360941711273543,0.0360941711273543,-3.32162389129634,-3.32162389129634,-3.32162389129634,0,-3.39315364377426,1,133.947897734056,133
"city",2013-06-14,2013,6,14,5,"Fri",14,10300000,19.9169683450828,31.6196056218104,0,0,0.0377776185215613,0.0377776185215613,-3.27603845432277,-3.27603845432277,-3.27603845432277,0,-3.39315364377426,1,132.645323912664,127
"city",2013-06-15,2013,6,15,6,"Sat",15,10300000,19.6090749430087,31.6196056218104,0,0,0.0370729406956062,0.0370729406956062,-3.29486793678652,-3.29486793678652,-3.29486793678652,0,-3.39315364377426,1,131.31311751514,147
"city",2013-06-16,2013,6,16,0,"Sun",16,10300000,19.532725282113,31.6196056218104,0,0,0.0343039243011955,0.0343039243011955,-3.37249552024112,-3.37249552024112,-3.37249552024112,0,-3.39315364377426,1,131.262159805146,134
"city",2013-06-17,2013,6,17,1,"Mon",17,10300000,20.1561343187236,31.6196056218104,0,0,0.0389490860696991,0.0389490860696991,-3.24549997113324,-3.24549997113324,-3.24549997113324,0,-3.39315364377426,1,135.345601873212,150
"city",2013-06-18,2013,6,18,2,"Tue",18,10300000,22.2274431036972,31.6196056218104,0,0,0.0394102441609918,0.0394102441609918,-3.23372949238737,-3.23372949238737,-3.23372949238737,0,-3.39315364377426,1,134.006777020789,114
"city",2013-06-19,2013,6,19,3,"Wed",19,10300000,22.622946683288,31.6196056218104,0,0,0.0384281318685938,0.0384281318685938,-3.25896548686476,-3.25896548686476,-3.25896548686476,0,-3.39315364377426,1,133.989869116107,118
"city",2013-06-20,2013,6,20,4,"Thu",20,10300000,22.9350120610577,31.6196056218104,0,0,0.0389064957716354,0.0389064957716354,-3.24659405588105,-3.24659405588105,-3.24659405588105,0,-3.39315364377426,1,133.998157604547,123
"city",2013-06-21,2013,6,21,5,"Fri",21,10300000,21.6756461353845,31.6196056218104,0,0,0.0406091502064822,0.0406091502064822,-3.20376186322358,-3.20376186322358,-3.20376186322358,0,-3.39315364377426,1,132.693268334479,121
"city",2013-06-22,2013,6,22,6,"Sat",22,10300000,20.7228950019386,31.6196056218104,0,0,0.0422747091260141,0.0422747091260141,-3.16356626474123,-3.16356626474123,-3.16356626474123,0,-3.39315364377426,1,131.399353978978,145
"city",2013-06-23,2013,6,23,0,"Sun",23,10300000,21.3345018781276,31.6196056218104,0,0,0.0399360828042015,0.0399360828042015,-3.22047503281481,-3.22047503281481,-3.22047503281481,0,-3.39315364377426,1,131.361970421058,112
"city",2013-06-24,2013,6,24,1,"Mon",24,10300000,20.7625367456463,31.6196056218104,0,0,0.0351037310135613,0.0351037310135613,-3.34944785747675,-3.34944785747675,-3.34944785747675,0,-3.39315364377426,1,135.275275704233,144
"city",2013-06-25,2013,6,25,2,"Tue",25,10300000,19.956189478598,31.6196056218104,0,0,0.0339876079365482,0.0339876079365482,-3.38175929325667,-3.38175929325667,-3.38175929325667,0,-3.39315364377426,1,133.90762873498,129
"city",2013-06-26,2013,6,26,3,"Wed",26,10300000,16.8958988110418,31.6196056218104,0,0,0.0373502907143744,0.0373502907143744,-3.28741458391622,-3.28741458391622,-3.28741458391622,0,-3.39315364377426,1,133.970811017651,136
"city",2013-06-27,2013,6,27,4,"Thu",27,10300000,20.860382296386,31.6196056218104,0,0,0.0311712139458899,0.0311712139458899,-3.46826023999111,-3.46826023999111,-3.46826023999111,0,-3.39315364377426,1,133.849725574276,136
"city",2013-06-28,2013,6,28,5,"Fri",28,10300000,22.7523044689524,31.6196056218104,0,0,0.0340435126647032,0.0340435126647032,-3.38011578833584,-3.38011578833584,-3.38011578833584,0,-3.39315364377426,1,132.576315011467,139
"city",2013-06-29,2013,6,29,6,"Sat",29,10300000,22.6348359097097,31.6196056218104,0,0,0.0343978124629732,0.0343978124629732,-3.36976230781743,-3.36976230781743,-3.36976230781743,0,-3.39315364377426,1,131.263953654233,135
"city",2013-06-30,2013,6,30,0,"Sun",30,10300000,23.8805978429502,31.6196056218104,0,0,0.035554206166584,0.035554206166584,-3.33669681280959,-3.33669681280959,-3.33669681280959,0,-3.39315364377426,1,131.285656986284,118
"city",2013-07-01,2013,7,1,1,"Mon",31,10300000,23.7606168601522,31.6196056218104,0,0,0.0349643835979453,0.0349643835979453,-3.35342534709809,-3.35342534709809,-3.35342534709809,0,-3.39315364377426,1,136.632097536648,120
"city",2013-07-02,2013,7,2,2,"Tue",32,10300000,24.288725368458,31.6196056218104,0,0,0.0375428368971106,0.0375428368971106,-3.28227268069741,-3.28227268069741,-3.28227268069741,0,-3.39315364377426,1,135.320719038263,143
"city",2013-07-03,2013,7,3,3,"Wed",33,10300000,21.6156807253559,31.6196056218104,0,0,0.033581940351186,0.033581940351186,-3.3937668460603,-3.3937668460603,-3.3937668460603,0,-3.39315364377426,1,135.24530270829,123
"city",2013-07-04,2013,7,4,4,"Thu",34,10300000,22.9956669617302,31.6196056218104,0,0,0.0280686237890416,0.0280686237890416,-3.57310291763207,-3.57310291763207,-3.57310291763207,0,-3.39315364377426,1,135.124085256635,132
"city",2013-07-05,2013,7,5,5,"Fri",35,10300000,25.0867337395839,31.6196056218104,0,0,0.0338852657799608,0.0338852657799608,-3.38477499683737,-3.38477499683737,-3.38733790819439,0,-3.39315364377426,1,133.905609621626,140
"city",2013-07-06,2013,7,6,6,"Sat",36,10300000,24.8389843280898,31.6196056218104,0,0,0.0354036678621736,0.0354036678621736,-3.34093985228395,-3.34093985228395,-3.34093985228395,0,-3.39315364377426,1,132.602286561228,123
"city",2013-07-07,2013,7,7,0,"Sun",37,10300000,25.5539307850001,31.6196056218104,0,0,0.037565538923104,0.037565538923104,-3.28166816684827,-3.28166816684827,-3.2965236820797,0,-3.39315364377426,1,132.641590190006,130
"city",2013-07-08,2013,7,8,1,"Mon",38,10300000,27.1626707186914,31.6196056218104,0,0,0.0440658218692067,0.0440658218692067,-3.12207081131188,-3.12207081131188,-3.17239424842569,0,-3.39315364377426,1,136.790241264681,132
"city",2013-07-09,2013,7,9,2,"Tue",39,10300000,27.6571819059528,31.6196056218104,0,0,0.039394036733558,0.039394036733558,-3.23414082607326,-3.23414082607326,-3.30397480907609,0,-3.39315364377426,1,135.353289143136,121
"city",2013-07-10,2013,7,10,3,"Wed",40,10300000,28.3460688949098,31.6196056218104,0,0,0.0384861818904043,0.0384861818904043,-3.25745601405025,-3.25745601405025,-3.34841198064798,0,-3.39315364377426,1,135.337511125924,146
"city",2013-07-11,2013,7,11,4,"Thu",41,10300000,26.9039375236583,31.6196056218104,0,0,0.0357214318757058,0.0357214318757058,-3.33200443767128,-3.33200443767128,-3.38677702601366,0,-3.39315364377426,1,135.287074535873,137
"city",2013-07-12,2013,7,12,5,"Fri",42,10300000,30.2130139188064,31.6196056218104,0,0,0.033616827776648,0.033616827776648,-3.39272851069885,-3.39272851069885,-3.56123185206211,0,-3.39315364377426,1,133.900284626896,128
"city",2013-07-13,2013,7,13,6,"Sat",43,10300000,30.1861873185753,31.6196056218104,0,0,0.0341704099908804,0.0341704099908804,-3.37639521436443,-3.37639521436443,-3.54100364282485,0,-3.39315364377426,1,132.578781334341,147
"city",2013-07-14,2013,7,14,0,"Sun",44,10300000,29.4573308671646,31.6196056218104,0,0,0.0359546161212161,0.0359546161212161,-3.32549779913004,-3.32549779913004,-3.45785391927553,0,-3.39315364377426,1,132.612525214274,147
"city",2013-07-15,2013,7,15,1,"Mon",45,10300000,28.9968967311599,31.6196056218104,0,0,0.0346509932947523,0.0346509932947523,-3.36242888724188,-3.36242888724188,-3.48498896929645,0,-3.39315364377426,1,136.625946812219,139
"city",2013-07-16,2013,7,16,2,"Tue",46,10300000,30.5854480290139,31.6196056218104,0,0,0.0385266529622544,0.0385266529622544,-3.25640499247306,-3.25640499247306,-3.41303097526473,0,-3.39315364377426,1,135.338222341015,99
"city",2013-07-17,2013,7,17,3,"Wed",47,10300000,29.4694792954281,31.6196056218104,0,0,0.0398818160973481,0.0398818160973481,-3.22183479587452,-3.22183479587452,-3.34069502232409,0,-3.39315364377426,1,135.361617707681,121
"city",2013-07-18,2013,7,18,4,"Thu",48,10300000,26.3588744574972,31.6196056218104,0,0,0.0333024180215229,0.0333024180215229,-3.40212527137301,-3.40212527137301,-3.4437851979526,0,-3.39315364377426,1,135.239650637589,131
"city",2013-07-19,2013,7,19,5,"Fri",49,10300000,28.6180652341478,31.6196056218104,0,0,0.0413995755872807,0.0413995755872807,-3.18448464971837,-3.18448464971837,-3.27593544012361,0,-3.39315364377426,1,134.039776796549,123
"city",2013-07-20,2013,7,20,6,"Sat",50,10300000,28.1197877348092,31.6196056218104,0,0,0.0403225856493701,0.0403225856493701,-3.21084352906657,-3.21084352906657,-3.29137130777436,0,-3.39315364377426,1,132.68856997073,137
"city",2013-07-21,2013,7,21,0,"Sun",51,10300000,30.714556743165,31.6196056218104,0,0,0.0459133962360836,0.0459133962360836,-3.08099834750232,-3.08099834750232,-3.21391715210922,0,-3.39315364377426,1,132.774742797816,117
"city",2013-07-22,2013,7,22,1,"Mon",52,10300000,29.1390460320089,31.6196056218104,0,0,0.0387970366838738,0.0387970366838738,-3.24941140939652,-3.24941140939652,-3.36222696948929,0,-3.39315364377426,1,136.703174229869,154
"city",2013-07-23,2013,7,23,2,"Tue",53,10300000,27.2497371369596,31.6196056218104,0,0,0.0356801998639997,0.0356801998639997,-3.33315936971652,-3.33315936971652,-3.39828773697557,0,-3.39315364377426,1,135.28629330124,145
"city",2013-07-24,2013,7,24,3,"Wed",54,10300000,29.1269706735479,31.6196056218104,0,0,0.043969071906145,0.043969071906145,-3.12426880344577,-3.12426880344577,-3.22283110587448,0,-3.39315364377426,1,135.427667269691,141
"city",2013-07-25,2013,7,25,4,"Thu",55,10300000,27.563855610724,31.6196056218104,0,0,0.0476227345011154,0.0476227345011154,-3.04444501619712,-3.04444501619712,-3.09978522466059,0,-3.39315364377426,1,135.481729804162,157
"city",2013-07-26,2013,7,26,5,"Fri",56,10300000,26.4081458774869,31.6196056218104,0,0,0.0414559853581271,0.0414559853581271,-3.18312300835313,-3.18312300835313,-3.21768055247494,0,-3.39315364377426,1,134.040689370179,124
"city",2013-07-27,2013,7,27,6,"Sat",57,10300000,23.9027548181938,31.6196056218104,0,0,0.0392558077040876,0.0392558077040876,-3.23765587871663,-3.23765587871663,-3.23765587871663,0,-3.39315364377426,1,132.67078270139,140
"city",2013-07-28,2013,7,28,0,"Sun",58,10300000,24.3007904145564,31.6196056218104,0,0,0.0387805321085288,0.0387805321085288,-3.24983690805164,-3.24983690805164,-3.24983690805164,0,-3.39315364377426,1,132.662702613972,145
"city",2013-07-29,2013,7,29,1,"Mon",59,10300000,23.9195034474606,31.6196056218104,0,0,0.0326509544796424,0.0326509544796424,-3.42188119000729,-3.42188119000729,-3.42188119000729,0,-3.39315364377426,1,136.585339212279,133
"city",2013-07-30,2013,7,30,2,"Tue",60,10300000,23.7796830935373,31.6196056218104,0,0,0.0332292347102669,0.0332292347102669,-3.40432522696609,-3.40432522696609,-3.40432522696609,0,-3.39315364377426,1,135.238163039642,134
"city",2013-07-31,2013,7,31,3,"Wed",61,10300000,24.1297110072077,31.6196056218104,0,0,0.0363287336808645,0.0363287336808645,-3.31514628937455,-3.31514628937455,-3.31514628937455,0,-3.39315364377426,1,135.298478464315,141
"city",2013-08-01,2013,8,1,4,"Thu",62,10300000,24.4496027661184,31.6196056218104,0,0,0.0355210199592649,0.0355210199592649,-3.33763064620104,-3.33763064620104,-3.33763064620104,0,-3.39315364377426,1,136.642888278302,122
"city",2013-08-02,2013,8,2,5,"Fri",63,10300000,24.6460155419638,31.6196056218104,0,0,0.0355153894230073,0.0355153894230073,-3.33778917156341,-3.33778917156341,-3.33778917156341,0,-3.39315364377426,1,135.283161593835,130
"city",2013-08-03,2013,8,3,6,"Sat",64,10300000,26.1552798306366,31.6196056218104,0,0,0.0337971692036414,0.0337971692036414,-3.38737823137206,-3.38737823137206,-3.42215886535916,0,-3.39315364377426,1,133.903866694432,127
"city",2013-08-04,2013,8,4,0,"Sun",65,10300000,22.5420945651489,31.6196056218104,0,0,0.0307782014977245,0.0307782014977245,-3.4809485831517,-3.4809485831517,-3.4809485831517,0,-3.39315364377426,1,133.841234187383,125
"city",2013-08-05,2013,8,5,1,"Mon",66,10300000,23.2253641819359,31.6196056218104,0,0,0.0351034673641944,0.0351034673641944,-3.34945536808458,-3.34945536808458,-3.34945536808458,0,-3.39315364377426,1,138.008012363327,134
"city",2013-08-06,2013,8,6,2,"Tue",67,10300000,24.496374707755,31.6196056218104,0,0,0.027746592246409,0.027746592246409,-3.58464224826167,-3.58464224826167,-3.58464224826167,0,-3.39315364377426,1,136.474230557056,143
"city",2013-08-07,2013,8,7,3,"Wed",68,10300000,30.3985691556158,31.6196056218104,0,0,0.0372592513480289,0.0372592513480289,-3.28985500665605,-3.28985500665605,-3.44638256253823,0,-3.39315364377426,1,136.675533184108,150
"city",2013-08-08,2013,8,8,4,"Thu",69,10300000,31.7810920436856,31.6196056218104,1,1,0.0311597626738054,0.0411597626738054,-3.46862767438198,-3.19029413397544,-3.46862767438198,1e-05,-3.39315364377426,1,161.774697151503,131
"city",2013-08-09,2013,8,9,5,"Fri",70,10300000,33.5972845431214,31.6196056218104,1,1,0.0344046965528324,0.0444046965528324,-3.36956219622323,-3.11441003692113,-3.36956219622323,1e-05,-3.39315364377426,1,160.347425476829,161
"city",2013-08-10,2013,8,10,6,"Sat",71,10300000,32.8426042750206,31.6196056218104,1,1,0.034048304904972,0.044048304904972,-3.37997503015233,-3.12246840849878,-3.37997503015233,1e-05,-3.39315364377426,1,158.732753863097,152
"city",2013-08-11,2013,8,11,0,"Sun",72,10300000,33.3239809019618,31.6196056218104,1,1,0.0293905800545564,0.0393905800545564,-3.52708106228618,-3.23422857617334,-3.52708106228618,1e-05,-3.39315364377426,1,158.466876796048,128
"city",2013-08-12,2013,8,12,1,"Mon",73,10300000,35.4911329531008,31.6196056218104,1,1,0.0275666996825949,0.037566699682595,-3.59114676794556,-3.28163726774257,-3.59114676794556,1e-05,-3.39315364377426,1,163.176830406015,183
"city",2013-08-13,2013,8,13,2,"Tue",74,10300000,35.2052678964444,31.6196056218104,1,1,0.0313178180013781,0.0413178180013781,-3.46356807818626,-3.18646144344891,-3.46356807818626,1e-05,-3.39315364377426,1,161.783997904091,144
"city",2013-08-14,2013,8,14,3,"Wed",75,10300000,33.9064727615409,31.6196056218104,1,1,0.0325771981819123,0.0425771981819123,-3.42414267760597,-3.15643642295206,-3.42414267760597,1e-05,-3.39315364377426,1,161.856877832316,165
"city",2013-08-15,2013,8,15,4,"Thu",76,10300000,33.8961328919053,31.6196056218104,1,1,0.0315977438486043,0.0415977438486043,-3.45466955813424,-3.17970934759421,-3.45466955813424,1e-05,-3.39315364377426,1,161.800384449827,157
"city",2013-08-16,2013,8,16,5,"Fri",77,10300000,30.3111291883004,31.6196056218104,0,0,0.0358825247859093,0.0358825247859093,-3.32750487676696,-3.32750487676696,-3.48769049159907,0,-3.39315364377426,1,135.290118232268,149
"city",2013-08-17,2013,8,17,6,"Sat",78,10300000,31.8508969783779,31.6196056218104,1,1,0.0283672949959483,0.0383672949959483,-3.56251838204778,-3.26054987509869,-3.56251838204778,1e-05,-3.39315364377426,1,158.404323335015,181
"city",2013-08-18,2013,8,18,0,"Sun",79,10300000,31.6207116087919,31.6196056218104,1,1,0.027895205473941,0.037895205473941,-3.57930045173432,-3.2729306795415,-3.57930045173432,1e-05,-3.39315364377426,1,158.374908472195,156
"city",2013-08-19,2013,8,19,1,"Mon",80,10300000,29.5514656561412,31.6196056218104,0,0,0.0329341214030902,0.0329341214030902,-3.41324603393909,-3.41324603393909,-3.5619770335118,0,-3.39315364377426,1,137.964001267433,105
"city",2013-08-20,2013,8,20,2,"Tue",81,10300000,30.1395301876891,31.6196056218104,0,0,0.0347807256376728,0.0347807256376728,-3.35869190662578,-3.35869190662578,-3.51859014704694,0,-3.39315364377426,1,136.628499678644,157
"city",2013-08-21,2013,8,21,3,"Wed",82,10300000,28.524981776462,31.6196056218104,0,0,0.0323864745997812,0.0323864745997812,-3.43001439396466,-3.43001439396466,-3.54524700059444,0,-3.39315364377426,1,136.579784943108,149
"city",2013-08-22,2013,8,22,4,"Thu",83,10300000,25.2277790366226,31.6196056218104,0,0,0.0322409982185753,0.0322409982185753,-3.43451639970841,-3.43451639970841,-3.44160636204847,0,-3.39315364377426,1,136.576710562829,144
"city",2013-08-23,2013,8,23,5,"Fri",84,10300000,24.3074180382385,31.6196056218104,0,0,0.0338956748295676,0.0338956748295676,-3.38446785888399,-3.38446785888399,-3.38446785888399,0,-3.39315364377426,1,135.251591076155,118
"city",2013-08-24,2013,8,24,6,"Sat",85,10300000,25.9529160533545,31.6196056218104,0,0,0.0396312238066584,0.0396312238066584,-3.22813799144261,-3.22813799144261,-3.25247635926868,0,-3.39315364377426,1,134.010523568263,147
"city",2013-08-25,2013,8,25,0,"Sun",86,10300000,25.9333072043363,31.6196056218104,0,0,0.0395882066313242,0.0395882066313242,-3.2292240174169,-3.2292240174169,-3.25308174802429,0,-3.39315364377426,1,134.009795875691,124
"city",2013-08-26,2013,8,26,1,"Mon",87,10300000,25.9793913996488,31.6196056218104,0,0,0.0398761155373816,0.0398761155373816,-3.22197774240935,-3.22197774240935,-3.24684524430141,0,-3.39315364377426,1,138.096005071803,131
"city",2013-08-27,2013,8,27,2,"Tue",88,10300000,24.1514263528759,31.6196056218104,0,0,0.0395267363105483,0.0395267363105483,-3.23077796742583,-3.23077796742583,-3.23077796742583,0,-3.39315364377426,1,136.715911076509,119
"city",2013-08-28,2013,8,28,3,"Wed",89,10300000,25.7200842050045,31.6196056218104,0,0,0.034468914434932,0.034468914434932,-3.36769739198867,-3.36769739198867,-3.38880952211826,0,-3.39315364377426,1,136.622347787377,144
"city",2013-08-29,2013,8,29,4,"Thu",90,10300000,24.2642557825566,31.6196056218104,0,0,0.0310009519210433,0.0310009519210433,-3.47373736783802,-3.47373736783802,-3.47373736783802,0,-3.39315364377426,1,136.549929834769,129
"city",2013-08-30,2013,8,30,5,"Fri",91,10300000,21.3675625350157,31.6196056218104,0,0,0.0274244277815378,0.0274244277815378,-3.59632113788673,-3.59632113788673,-3.59632113788673,0,-3.39315364377426,1,135.108399463277,130
"city",2013-08-31,2013,8,31,6,"Sat",92,10300000,21.3000396544139,31.6196056218104,0,0,0.0276386584482733,0.0276386584482733,-3.58853981786432,-3.58853981786432,-3.58853981786432,0,-3.39315364377426,1,133.769252832317,145
"city",2014-06-01,2014,6,1,0,"Sun",1,10250000,19.9624670970016,31.6196056218104,0,0,0.0362633548332132,0.0362633548332132,-3.31694755633537,-3.31694755633537,-3.31694755633537,0,-3.39315364377426,1,130.661249647433,134
"city",2014-06-02,2014,6,2,1,"Mon",2,10250000,20.6450884513503,31.6196056218104,0,0,0.0342957631280697,0.0342957631280697,-3.37273345640294,-3.37273345640294,-3.37273345640294,0,-3.39315364377426,1,134.602927147364,142
"city",2014-06-03,2014,6,3,2,"Tue",3,10250000,23.4495638162627,31.6196056218104,0,0,0.0328508321654035,0.0328508321654035,-3.41577820209221,-3.41577820209221,-3.41577820209221,0,-3.39315364377426,1,133.234927240573,130
"city",2014-06-04,2014,6,4,3,"Wed",4,10250000,22.7823038956566,31.6196056218104,0,0,0.0369494206171027,0.0369494206171027,-3.29820531189753,-3.29820531189753,-3.29820531189753,0,-3.39315364377426,1,133.313274344408,141
"city",2014-06-05,2014,6,5,4,"Thu",5,10250000,23.9386817032744,31.6196056218104,0,0,0.0361362508960582,0.0361362508960582,-3.3204587375485,-3.3204587375485,-3.3204587375485,0,-3.39315364377426,1,133.298441784417,131
"city",2014-06-06,2014,6,6,5,"Fri",6,10250000,22.020496927141,31.6196056218104,0,0,0.0378774393516436,0.0378774393516436,-3.27339961190261,-3.27339961190261,-3.27339961190261,0,-3.39315364377426,1,132.003156239434,150
"city",2014-06-07,2014,6,7,6,"Sat",7,10250000,22.8170862172756,31.6196056218104,0,0,0.0373011485252348,0.0373011485252348,-3.28873116124516,-3.28873116124516,-3.28873116124516,0,-3.39315364377426,1,130.679684895058,117
"city",2014-06-08,2014,6,8,0,"Sun",8,10250000,22.8249135816227,31.6196056218104,0,0,0.0362235505583653,0.0362235505583653,-3.31804580376733,-3.31804580376733,-3.31804580376733,0,-3.39315364377426,1,130.660532157494,139
"city",2014-06-09,2014,6,9,1,"Mon",9,10250000,22.0989139688393,31.6196056218104,0,0,0.0295831184403063,0.0295831184403063,-3.52055140331075,-3.52055140331075,-3.52055140331075,0,-3.39315364377426,1,134.503480260284,112
"city",2014-06-10,2014,6,10,2,"Tue",10,10250000,20.5289749771744,31.6196056218104,0,0,0.0303463418433408,0.0303463418433408,-3.49507930108586,-3.49507930108586,-3.49507930108586,0,-3.39315364377426,1,133.182109331788,123
"city",2014-06-11,2014,6,11,3,"Wed",11,10250000,22.2338891354545,31.6196056218104,0,0,0.0289192133019072,0.0289192133019072,-3.54324908462356,-3.54324908462356,-3.54324908462356,0,-3.39315364377426,1,133.150036427417,130
"city",2014-06-12,2014,6,12,4,"Thu",12,10250000,21.2659621451509,31.6196056218104,0,0,0.0303503220322703,0.0303503220322703,-3.49494815091446,-3.49494815091446,-3.49494815091446,0,-3.39315364377426,1,133.182196666099,140
"city",2014-06-13,2014,6,13,5,"Fri",13,10250000,22.0748761071305,31.6196056218104,0,0,0.0291810339918108,0.0291810339918108,-3.53423630156634,-3.53423630156634,-3.53423630156634,0,-3.39315364377426,1,131.831112120872,131
"city",2014-06-14,2014,6,14,6,"Sat",14,10250000,23.3493558683024,31.6196056218104,0,0,0.0275110641419514,0.0275110641419514,-3.59316702278901,-3.59316702278901,-3.59316702278901,0,-3.39315364377426,1,130.48091830035,122
"city",2014-06-15,2014,6,15,0,"Sun",15,10250000,23.7597058968853,31.6196056218104,0,0,0.0304260765042591,0.0304260765042591,-3.4924552585074,-3.4924552585074,-3.4924552585074,0,-3.39315364377426,1,130.546639663682,144
"city",2014-06-16,2014,6,16,1,"Mon",16,10250000,25.1195810515099,31.6196056218104,0,0,0.0301805143421967,0.0301805143421967,-3.50055878330268,-3.50055878330268,-3.5045288475449,0,-3.39315364377426,1,134.51692631718,110
"city",2014-06-17,2014,6,17,2,"Tue",17,10250000,22.0345736951717,31.6196056218104,0,0,0.0324907165765511,0.0324907165765511,-3.42680087424883,-3.42680087424883,-3.42680087424883,0,-3.39315364377426,1,133.227584418305,123
"city",2014-06-18,2014,6,18,3,"Wed",18,10250000,20.9621669309848,31.6196056218104,0,0,0.0321586344972233,0.0321586344972233,-3.43707429523626,-3.43707429523626,-3.43707429523626,0,-3.39315364377426,1,133.220741078758,131
"city",2014-06-19,2014,6,19,4,"Thu",19,10250000,22.6135374198446,31.6196056218104,0,0,0.030360392336491,0.030360392336491,-3.49461640372888,-3.49461640372888,-3.49461640372888,0,-3.39315364377426,1,133.182417580377,133
"city",2014-06-20,2014,6,20,5,"Fri",20,10250000,19.405680527551,31.6196056218104,0,0,0.0324875025582435,0.0324875025582435,-3.42689980026906,-3.42689980026906,-3.42689980026906,0,-3.39315364377426,1,131.901882561488,107
"city",2014-06-21,2014,6,21,6,"Sat",21,10250000,19.6617209604499,31.6196056218104,0,0,0.0321146874749077,0.0321146874749077,-3.43844179975652,-3.43844179975652,-3.43844179975652,0,-3.39315364377426,1,130.581900802591,148
"city",2014-06-22,2014,6,22,0,"Sun",22,10250000,20.9969048667938,31.6196056218104,0,0,0.0303972121839994,0.0303972121839994,-3.49340437924878,-3.49340437924878,-3.49340437924878,0,-3.39315364377426,1,130.546020142535,121
"city",2014-06-23,2014,6,23,1,"Mon",23,10250000,22.2644216705735,31.6196056218104,0,0,0.0325720487118718,0.0325720487118718,-3.42430075986469,-3.42430075986469,-3.42430075986469,0,-3.39315364377426,1,134.568226071203,134
"city",2014-06-24,2014,6,24,2,"Tue",24,10250000,23.4905345842452,31.6196056218104,0,0,0.0320996268723374,0.0320996268723374,-3.43891087282845,-3.43891087282845,-3.43891087282845,0,-3.39315364377426,1,133.219517733236,129
"city",2014-06-25,2014,6,25,3,"Wed",25,10250000,25.0368626743997,31.6196056218104,0,0,0.0283005557829724,0.0283005557829724,-3.5648738355515,-3.5648738355515,-3.56617722701663,0,-3.39315364377426,1,133.135640523832,145
"city",2014-06-26,2014,6,26,4,"Thu",26,10250000,26.265355429863,31.6196056218104,0,0,0.0324456473497874,0.0324456473497874,-3.42818897888776,-3.42818897888776,-3.46796905298696,0,-3.39315364377426,1,133.226659752374,110
"city",2014-06-27,2014,6,27,5,"Fri",27,10250000,24.4085413861714,31.6196056218104,0,0,0.0390648196750766,0.0390648196750766,-3.2425329695667,-3.2425329695667,-3.2425329695667,0,-3.39315364377426,1,132.023530282644,134
"city",2014-06-28,2014,6,28,6,"Sat",28,10250000,23.5354987611214,31.6196056218104,0,0,0.0366109365201713,0.0366109365201713,-3.3074082711837,-3.3074082711837,-3.3074082711837,0,-3.39315364377426,1,130.667481870653,136
"city",2014-06-29,2014,6,29,0,"Sun",29,10250000,20.6041169910488,31.6196056218104,0,0,0.0312459989596435,0.0312459989596435,-3.4658639442881,-3.4658639442881,-3.4658639442881,0,-3.39315364377426,1,130.563997851177,139
"city",2014-06-30,2014,6,30,1,"Mon",30,10250000,19.2904791736168,31.6196056218104,0,0,0.0302670051097947,0.0302670051097947,-3.49769710006384,-3.49769710006384,-3.49769710006384,0,-3.39315364377426,1,134.518851055117,133
"city",2014-07-01,2014,7,1,2,"Tue",31,10250000,23.3119327182514,31.6196056218104,0,0,0.0328035004438821,0.0328035004438821,-3.41722004843624,-3.41722004843624,-3.41722004843624,0,-3.39315364377426,1,134.57299034942,126
"city",2014-07-02,2014,7,2,3,"Wed",32,10250000,24.4314535299413,31.6196056218104,0,0,0.0333254041280701,0.0333254041280701,-3.40143528611707,-3.40143528611707,-3.40143528611707,0,-3.39315364377426,1,134.583611781893,122
"city",2014-07-03,2014,7,3,4,"Thu",33,10250000,26.1682534683308,31.6196056218104,0,0,0.0369698749837391,0.0369698749837391,-3.29765188759898,-3.29765188759898,-3.32976209287472,0,-3.39315364377426,1,134.653467628096,126
"city",2014-07-04,2014,7,4,5,"Fri",34,10250000,24.9050242862719,31.6196056218104,0,0,0.0358541524551704,0.0358541524551704,-3.32829589004802,-3.32829589004802,-3.32829589004802,0,-3.39315364377426,1,133.293218485676,129
"city",2014-07-05,2014,7,5,6,"Sat",35,10250000,23.7871981064623,31.6196056218104,0,0,0.040120290095375,0.040120290095375,-3.21587308522225,-3.21587308522225,-3.21587308522225,0,-3.39315364377426,1,132.041130115882,112
"city",2014-07-06,2014,7,6,0,"Sun",36,10250000,23.525282258799,31.6196056218104,0,0,0.0376455018423648,0.0376455018423648,-3.27954180485206,-3.27954180485206,-3.27954180485206,0,-3.39315364377426,1,131.999102357406,132
"city",2014-07-07,2014,7,7,1,"Mon",37,10250000,23.0095628866004,31.6196056218104,0,0,0.0385651698579202,0.0385651698579202,-3.25540574514794,-3.25540574514794,-3.25540574514794,0,-3.39315364377426,1,136.03548931489,141
"city",2014-07-08,2014,7,8,2,"Tue",38,10250000,22.5828949326813,31.6196056218104,0,0,0.0364616929263597,0.0364616929263597,-3.31149307838062,-3.31149307838062,-3.31149307838062,0,-3.39315364377426,1,134.644149128873,155
"city",2014-07-09,2014,7,9,3,"Wed",39,10250000,25.8839975887319,31.6196056218104,0,0,0.0400871378260128,0.0400871378260128,-3.2166997485902,-3.2166997485902,-3.2389984273003,0,-3.39315364377426,1,134.707981090952,136
"city",2014-07-10,2014,7,10,4,"Thu",40,10250000,23.0861613675054,31.6196056218104,0,0,0.0432819182041717,0.0432819182041717,-3.14002032462726,-3.14002032462726,-3.14002032462726,0,-3.39315364377426,1,134.759637644773,121
"city",2014-07-11,2014,7,11,5,"Fri",41,10250000,23.0219055016716,31.6196056218104,0,0,0.0386586652889945,0.0386586652889945,-3.25298433013848,-3.25298433013848,-3.25298433013848,0,-3.39315364377426,1,133.343420538118,135
"city",2014-07-12,2014,7,12,6,"Sat",42,10250000,25.6881852075961,31.6196056218104,0,0,0.0352482060667605,0.0352482060667605,-3.34534064274199,-3.34534064274199,-3.36505773148268,0,-3.39315364377426,1,131.955682562539,126
"city",2014-07-13,2014,7,13,0,"Sun",43,10250000,26.096793771624,31.6196056218104,0,0,0.037205308687239,0.037205308687239,-3.29130382123845,-3.29130382123845,-3.32122657121767,0,-3.39315364377426,1,131.991339707644,146
"city",2014-07-14,2014,7,14,1,"Mon",44,10250000,25.8763371979418,31.6196056218104,0,0,0.0317644820371061,0.0317644820371061,-3.44940653048486,-3.44940653048486,-3.47738283085856,0,-3.39315364377426,1,135.903598333813,134
"city",2014-07-15,2014,7,15,2,"Tue",45,10250000,24.5084082241244,31.6196056218104,0,0,0.0339590584457483,0.0339590584457483,-3.38259964331356,-3.38259964331356,-3.38259964331356,0,-3.39315364377426,1,134.596287222952,139
"city",2014-07-16,2014,7,16,3,"Wed",46,10250000,24.5705756230133,31.6196056218104,0,0,0.032050787992927,0.032050787992927,-3.44043350955492,-3.44043350955492,-3.44043350955492,0,-3.39315364377426,1,134.557371731447,115
"city",2014-07-17,2014,7,17,4,"Thu",47,10250000,25.5803312460206,31.6196056218104,0,0,0.0360795680040971,0.0360795680040971,-3.3220285571383,-3.3220285571383,-3.33824408250438,0,-3.39315364377426,1,134.637056612817,129
"city",2014-07-18,2014,7,18,5,"Fri",48,10250000,24.0333900477946,31.6196056218104,0,0,0.0387439680742894,0.0387439680742894,-3.25078019789844,-3.25078019789844,-3.25078019789844,0,-3.39315364377426,1,133.344890078876,153
"city",2014-07-19,2014,7,19,6,"Sat",49,10250000,23.3059462828426,31.6196056218104,0,0,0.0368159172864414,0.0368159172864414,-3.30182499236589,-3.30182499236589,-3.30182499236589,0,-3.39315364377426,1,131.984396372914,106
"city",2014-07-20,2014,7,20,0,"Sun",50,10250000,27.1807051470411,31.6196056218104,0,0,0.0333413245670363,0.0333413245670363,-3.40095767338339,-3.40095767338339,-3.4686001794867,0,-3.39315364377426,1,131.91899274802,148
"city",2014-07-21,2014,7,21,1,"Mon",51,10250000,27.9368224283353,31.6196056218104,0,0,0.0348367803511146,0.0348367803511146,-3.35708154369308,-3.35708154369308,-3.44515058822734,0,-3.39315364377426,1,135.966349306011,140
"city",2014-07-22,2014,7,22,2,"Tue",52,10250000,24.5195349247655,31.6196056218104,0,0,0.0381143896284104,0.0381143896284104,-3.26716338761712,-3.26716338761712,-3.26716338761712,0,-3.39315364377426,1,134.673996103989,152
"city",2014-07-23,2014,7,23,3,"Wed",53,10250000,26.4536548967333,31.6196056218104,0,0,0.0373572435182344,0.0373572435182344,-3.28722844997534,-3.28722844997534,-3.32691802688203,0,-3.39315364377426,1,134.660485571075,119
"city",2014-07-24,2014,7,24,4,"Thu",54,10250000,27.9034247443457,31.6196056218104,0,0,0.0380796146024535,0.0380796146024535,-3.26807618984408,-3.26807618984408,-3.34738584974192,0,-3.39315364377426,1,134.673381451774,144
"city",2014-07-25,2014,7,25,5,"Fri",55,10250000,25.9959501724987,31.6196056218104,0,0,0.0342763102385872,0.0342763102385872,-3.37330082702626,-3.37330082702626,-3.40278784379413,0,-3.39315364377426,1,133.26322759566,125
"city",2014-07-26,2014,7,26,6,"Sat",56,10250000,24.4445350419142,31.6196056218104,0,0,0.0328809871086898,0.0328809871086898,-3.41486068769097,-3.41486068769097,-3.41486068769097,0,-3.39315364377426,1,131.909822708534,133
"city",2014-07-27,2014,7,27,0,"Sun",57,10250000,24.991091913214,31.6196056218104,0,0,0.0311351829154308,0.0311351829154308,-3.46941681576151,-3.46941681576151,-3.46941681576151,0,-3.39315364377426,1,131.873845169838,146
"city",2014-07-28,2014,7,28,1,"Mon",58,10250000,26.1855256351528,31.6196056218104,0,0,0.0315266827521798,0.0315266827521798,-3.45692102021537,-3.45692102021537,-3.49525016745587,0,-3.39315364377426,1,135.898492198768,128
"city",2014-07-29,2014,7,29,2,"Tue",59,10250000,27.3673244460447,31.6196056218104,0,0,0.0374665890034571,0.0374665890034571,-3.28430570305427,-3.28430570305427,-3.3495751015101,0,-3.39315364377426,1,134.662453478052,137
"city",2014-07-30,2014,7,30,3,"Wed",60,10250000,29.3118338665593,31.6196056218104,0,0,0.0370418024301516,0.0370418024301516,-3.29570820866695,-3.29570820866695,-3.41946415094637,0,-3.39315364377426,1,134.654776249995,140
"city",2014-07-31,2014,7,31,4,"Thu",61,10250000,28.6757428379079,31.6196056218104,0,0,0.0320712296777492,0.0320712296777492,-3.43979592245903,-3.43979592245903,-3.56152506053325,0,-3.39315364377426,1,134.557800692351,151
"city",2014-08-01,2014,8,1,5,"Fri",62,10250000,28.362362512792,31.6196056218104,0,0,0.0343339475596173,0.0343339475596173,-3.3716206894947,-3.3716206894947,-3.47468510623483,0,-3.39315364377426,1,134.603676057862,124
"city",2014-08-02,2014,8,2,6,"Sat",63,10250000,27.1409907910455,31.6196056218104,0,0,0.0391794268288666,0.0391794268288666,-3.2396034957492,-3.2396034957492,-3.29579909369654,0,-3.39315364377426,1,133.352342067694,142
"city",2014-08-03,2014,8,3,0,"Sun",64,10250000,26.194394260524,31.6196056218104,0,0,0.0351692274572634,0.0351692274572634,-3.34758379869532,-3.34758379869532,-3.38213522854522,0,-3.39315364377426,1,133.280364368401,123
"city",2014-08-04,2014,8,4,1,"Mon",65,10250000,22.4496618071351,31.6196056218104,0,0,0.0304321214071522,0.0304321214071522,-3.49225660317022,-3.49225660317022,-3.49225660317022,0,-3.39315364377426,1,137.240045324715,133
"city",2014-08-05,2014,8,5,2,"Tue",66,10250000,23.1119683884313,31.6196056218104,0,0,0.0306375744283816,0.0306375744283816,-3.48552810080792,-3.48552810080792,-3.48552810080792,0,-3.39315364377426,1,135.87905529329,150
"city",2014-08-06,2014,8,6,3,"Wed",67,10250000,24.1005535435677,31.6196056218104,0,0,0.0323463477389625,0.0323463477389625,-3.43125416274064,-3.43125416274064,-3.43125416274064,0,-3.39315364377426,1,135.915933754071,123
"city",2014-08-07,2014,8,7,4,"Thu",68,10250000,22.4376669935022,31.6196056218104,0,0,0.032774747556666,0.032774747556666,-3.41809695167581,-3.41809695167581,-3.41809695167581,0,-3.39315364377426,1,135.924875421323,140
"city",2014-08-08,2014,8,8,5,"Fri",69,10250000,23.7889373938815,31.6196056218104,0,0,0.0302404194728575,0.0302404194728575,-3.49857585631009,-3.49857585631009,-3.49857585631009,0,-3.39315364377426,1,134.518260010013,127
"city",2014-08-09,2014,8,9,6,"Sat",70,10250000,24.2360398145923,31.6196056218104,0,0,0.0283330788902913,0.0283330788902913,-3.56372529154291,-3.56372529154291,-3.56372529154291,0,-3.39315364377426,1,133.136405086738,131
"city",2014-08-10,2014,8,10,0,"Sun",71,10250000,23.7397645122701,31.6196056218104,0,0,0.0277532575563435,0.0277532575563435,-3.58440205626151,-3.58440205626151,-3.58440205626151,0,-3.39315364377426,1,133.122641647592,118
"city",2014-08-11,2014,8,11,1,"Mon",72,10250000,24.0056504369317,31.6196056218104,0,0,0.0293578035156123,0.0293578035156123,-3.52819689017294,-3.52819689017294,-3.52819689017294,0,-3.39315364377426,1,137.215385307415,115
"city",2014-08-12,2014,8,12,2,"Tue",73,10250000,26.1143015207775,31.6196056218104,0,0,0.0338042392261845,0.0338042392261845,-3.38716906346467,-3.38716906346467,-3.42068796386402,0,-3.39315364377426,1,135.945896393378,128
"city",2014-08-13,2014,8,13,3,"Wed",74,10250000,30.3267535400267,31.6196056218104,0,0,0.0392498635931251,0.0392498635931251,-3.23780731009415,-3.23780731009415,-3.38365878437536,0,-3.39315364377426,1,136.04745990016,132
"city",2014-08-14,2014,8,14,4,"Thu",75,10250000,25.8798096522631,31.6196056218104,0,0,0.0335063215925982,0.0335063215925982,-3.39602115369686,-3.39602115369686,-3.4226300714143,0,-3.39315364377426,1,135.939879499826,129
"city",2014-08-15,2014,8,15,5,"Fri",76,10250000,25.9796671175896,31.6196056218104,0,0,0.0310970674646007,0.0310970674646007,-3.47064175798563,-3.47064175798563,-3.50265218963555,0,-3.39315364377426,1,134.537049553662,116
"city",2014-08-16,2014,8,16,6,"Sat",77,10250000,27.8043667594487,31.6196056218104,0,0,0.0354415679052351,0.0354415679052351,-3.3398699131055,-3.3398699131055,-3.42230250177288,0,-3.39315364377426,1,133.285505014947,151
"city",2014-08-17,2014,8,17,0,"Sun",78,10250000,26.5157876244623,31.6196056218104,0,0,0.0341414225557718,0.0341414225557718,-3.37724389418366,-3.37724389418366,-3.42265695203258,0,-3.39315364377426,1,133.260600292279,120
"city",2014-08-18,2014,8,18,1,"Mon",79,10250000,26.3848153434615,31.6196056218104,0,0,0.0370960850280109,0.0370960850280109,-3.29424383978835,-3.29424383978835,-3.33228896257383,0,-3.39315364377426,1,137.375989013181,137
"city",2014-08-19,2014,8,19,2,"Tue",80,10250000,26.5780701049259,31.6196056218104,0,0,0.037642004838297,0.037642004838297,-3.27963470217924,-3.27963470217924,-3.322461950871,0,-3.39315364377426,1,136.019010322956,146
"city",2014-08-20,2014,8,20,3,"Wed",81,10250000,28.957941798272,31.6196056218104,0,0,0.0384582726588956,0.0384582726588956,-3.25818145249533,-3.25818145249533,-3.36678636482781,0,-3.39315364377426,1,136.033601354456,142
"city",2014-08-21,2014,8,21,4,"Thu",82,10250000,27.0271174743796,31.6196056218104,0,0,0.0324598272628953,0.0324598272628953,-3.42775203844727,-3.42775203844727,-3.49223726913604,0,-3.39315364377426,1,135.918313747375,130
"city",2014-08-22,2014,8,22,5,"Fri",83,10250000,27.0152345831199,31.6196056218104,0,0,0.0339553139051375,0.0339553139051375,-3.38270991571939,-3.38270991571939,-3.4438936527288,0,-3.39315364377426,1,134.596213011691,134
"city",2014-08-23,2014,8,23,6,"Sat",84,10250000,27.9759848271935,31.6196056218104,0,0,0.034156855908252,0.034156855908252,-3.37679195445428,-3.37679195445428,-3.4679504785696,0,-3.39315364377426,1,133.260901421417,118
"city",2014-08-24,2014,8,24,0,"Sun",85,10250000,29.2599297238737,31.6196056218104,0,0,0.0383116306898796,0.0383116306898796,-3.26200175552996,-3.26200175552996,-3.37987529268554,0,-3.39315364377426,1,133.337408601918,122
"city",2014-08-25,2014,8,25,1,"Mon",86,10250000,30.1054374343439,31.6196056218104,0,0,0.040293266604238,0.040293266604238,-3.21157090576991,-3.21157090576991,-3.34705501838654,0,-3.39315364377426,1,137.432787131917,130
"city",2014-08-26,2014,8,26,2,"Tue",87,10250000,30.5631145245222,31.6196056218104,0,0,0.0420835385015889,0.0420835385015889,-3.16809862422138,-3.16809862422138,-3.30988361387405,0,-3.39315364377426,1,136.094886613045,130
"city",2014-08-27,2014,8,27,3,"Wed",88,10250000,29.727791537771,31.6196056218104,0,0,0.0416606445516385,0.0416606445516385,-3.1781983715542,-3.1781983715542,-3.29865379846132,0,-3.39315364377426,1,136.088014166731,123
"city",2014-08-28,2014,8,28,4,"Thu",89,10250000,27.7991030307044,31.6196056218104,0,0,0.0381101721107971,0.0381101721107971,-3.26727404794815,-3.26727404794815,-3.34355879252219,0,-3.39315364377426,1,136.027417002511,137
"city",2014-08-29,2014,8,29,5,"Fri",90,10250000,27.5563203681926,31.6196056218104,0,0,0.041755816961492,0.041755816961492,-3.1759165089716,-3.1759165089716,-3.23909137427585,0,-3.39315364377426,1,134.735453031201,132
"city",2014-08-30,2014,8,30,6,"Sat",91,10250000,25.4194424735256,31.6196056218104,0,0,0.0396700304269817,0.0396700304269817,-3.22715927745388,-3.22715927745388,-3.23778885516003,0,-3.39315364377426,1,133.360639654108,160
"city",2014-08-31,2014,8,31,0,"Sun",92,10250000,26.3499936226826,31.6196056218104,0,0,0.0382975713791509,0.0382975713791509,-3.2623687952721,-3.2623687952721,-3.29825518836546,0,-3.39315364377426,1,133.337163901503,123
"city",2015-06-01,2015,6,1,1,"Mon",1,10200000,20.955263362055,31.6196056218104,0,0,0.0312017220499442,0.0312017220499442,-3.46728199178136,-3.46728199178136,-3.46728199178136,0,-3.39315364377426,1,133.883020322501,138
"city",2015-06-02,2015,6,2,2,"Tue",2,10200000,20.4594150548999,31.6196056218104,0,0,0.03299100391845,0.03299100391845,-3.41152036321193,-3.41152036321193,-3.41152036321193,0,-3.39315364377426,1,132.587823424131,124
"city",2015-06-03,2015,6,3,3,"Wed",3,10200000,20.9271311409199,31.6196056218104,0,0,0.0349501087642419,0.0349501087642419,-3.35383369831168,-3.35383369831168,-3.35383369831168,0,-3.39315364377426,1,132.626071686601,132
"city",2015-06-04,2015,6,4,4,"Thu",4,10200000,20.4060529995175,31.6196056218104,0,0,0.032557424776441,0.032557424776441,-3.42474983260835,-3.42474983260835,-3.42474983260835,0,-3.39315364377426,1,132.57905338143,125
"city",2015-06-05,2015,6,5,5,"Fri",5,10200000,21.0035034749998,31.6196056218104,0,0,0.0316048404607937,0.0316048404607937,-3.45444499098096,-3.45444499098096,-3.45444499098096,0,-3.39315364377426,1,131.240382292549,134
"city",2015-06-06,2015,6,6,6,"Sat",6,10200000,20.3290935652553,31.6196056218104,0,0,0.0298942638544279,0.0298942638544279,-3.51008866132349,-3.51008866132349,-3.51008866132349,0,-3.39315364377426,1,129.898373530654,135
"city",2015-06-07,2015,6,7,0,"Sun",7,10200000,19.0500270860831,31.6196056218104,0,0,0.0309016112016045,0.0309016112016045,-3.47694695399106,-3.47694695399106,-3.47694695399106,0,-3.39315364377426,1,129.919900583606,133
"city",2015-06-08,2015,6,8,1,"Mon",8,10200000,20.3272091163053,31.6196056218104,0,0,0.030786660971161,0.030786660971161,-3.48067376816307,-3.48067376816307,-3.48067376816307,0,-3.39315364377426,1,133.874055965279,134
"city",2015-06-09,2015,6,9,2,"Tue",9,10200000,19.7596591890939,31.6196056218104,0,0,0.0305845663812596,0.0305845663812596,-3.48725976388494,-3.48725976388494,-3.48725976388494,0,-3.39315364377426,1,132.537622318821,126
"city",2015-06-10,2015,6,10,3,"Wed",10,10200000,23.9475732149715,31.6196056218104,0,0,0.0277980913207034,0.0277980913207034,-3.58278791817124,-3.58278791817124,-3.58278791817124,0,-3.39315364377426,1,132.47433206286,150
"city",2015-06-11,2015,6,11,4,"Thu",11,10200000,25.7122112122168,31.6196056218104,0,0,0.0294497696364443,0.0294497696364443,-3.52506919110718,-3.52506919110718,-3.54955035586393,0,-3.39315364377426,1,132.512568829115,130
"city",2015-06-12,2015,6,12,5,"Fri",12,10200000,24.9701591032356,31.6196056218104,0,0,0.0321747565475418,0.0321747565475418,-3.43657309203854,-3.43657309203854,-3.43657309203854,0,-3.39315364377426,1,131.252110390797,138
"city",2015-06-13,2015,6,13,6,"Sat",13,10200000,23.5041097367865,31.6196056218104,0,0,0.0298282495431285,0.0298282495431285,-3.51229936326583,-3.51229936326583,-3.51229936326583,0,-3.39315364377426,1,129.896937705656,110
"city",2015-06-14,2015,6,14,0,"Sun",14,10200000,20.9251257381993,31.6196056218104,0,0,0.0305195471280365,0.0305195471280365,-3.48938791120689,-3.48938791120689,-3.48938791120689,0,-3.39315364377426,1,129.911819195335,133
"city",2015-06-15,2015,6,15,1,"Mon",15,10200000,23.8802111063643,31.6196056218104,0,0,0.0325760034249997,0.0325760034249997,-3.42417935291534,-3.42417935291534,-3.42417935291534,0,-3.39315364377426,1,133.911876989262,130
"city",2015-06-16,2015,6,16,2,"Tue",16,10200000,23.8620454055761,31.6196056218104,0,0,0.0360029336837453,0.0360029336837453,-3.32415485263111,-3.32415485263111,-3.32415485263111,0,-3.39315364377426,1,132.645754090516,147
"city",2015-06-17,2015,6,17,3,"Wed",17,10200000,24.378668513009,31.6196056218104,0,0,0.0366760953321733,0.0366760953321733,-3.30563008949114,-3.30563008949114,-3.30563008949114,0,-3.39315364377426,1,132.65804081541,111
"city",2015-06-18,2015,6,18,4,"Thu",18,10200000,23.8770317547655,31.6196056218104,0,0,0.0369712092879947,0.0369712092879947,-3.29761579658763,-3.29761579658763,-3.29761579658763,0,-3.39315364377426,1,132.663356723892,134
"city",2015-06-19,2015,6,19,5,"Fri",19,10200000,23.1926686318248,31.6196056218104,0,0,0.0324202936806872,0.0324202936806872,-3.42897070408864,-3.42897070408864,-3.42897070408864,0,-3.39315364377426,1,131.257099632934,132
"city",2015-06-20,2015,6,20,6,"Sat",20,10200000,21.5269193347637,31.6196056218104,0,0,0.0383189071819206,0.0383189071819206,-3.26181184450323,-3.26181184450323,-3.26181184450323,0,-3.39315364377426,1,130.059727434469,145
"city",2015-06-21,2015,6,21,0,"Sun",21,10200000,23.386150740535,31.6196056218104,0,0,0.0376534990078837,0.0376534990078837,-3.27932939391808,-3.27932939391808,-3.27932939391808,0,-3.39315364377426,1,130.048336294827,135
"city",2015-06-22,2015,6,22,1,"Mon",22,10200000,24.7268029406316,31.6196056218104,0,0,0.0394578615927051,0.0394578615927051,-3.23252197162738,-3.23252197162738,-3.23252197162738,0,-3.39315364377426,1,134.040264493805,141
"city",2015-06-23,2015,6,23,2,"Tue",23,10200000,26.4619785976222,31.6196056218104,0,0,0.0373943584281131,0.0373943584281131,-3.28623543010788,-3.28623543010788,-3.32611644485699,0,-3.39315364377426,1,132.670905726756,126
"city",2015-06-24,2015,6,24,3,"Wed",24,10200000,29.7634549844562,31.6196056218104,0,0,0.037279245871872,0.037279245871872,-3.28931851812815,-3.28931851812815,-3.42602943418579,0,-3.39315364377426,1,132.668860562119,145
"city",2015-06-25,2015,6,25,4,"Thu",25,10200000,27.1713655805271,31.6196056218104,0,0,0.0299089124383528,0.0299089124383528,-3.50959876813968,-3.50959876813968,-3.5849683013936,0,-3.39315364377426,1,132.522819353001,155
"city",2015-06-26,2015,6,26,5,"Fri",26,10200000,27.6785414679445,31.6196056218104,0,0,0.0350321529986718,0.0350321529986718,-3.351488982095,-3.351488982095,-3.43102962498583,0,-3.39315364377426,1,131.307959614612,114
"city",2015-06-27,2015,6,27,6,"Sat",27,10200000,26.5394837382441,31.6196056218104,0,0,0.0314744273136261,0.0314744273136261,-3.45857989417751,-3.45857989417751,-3.50872879951116,0,-3.39315364377426,1,129.931832364401,141
"city",2015-06-28,2015,6,28,0,"Sun",28,10200000,24.8469607097679,31.6196056218104,0,0,0.03134361843271,0.03134361843271,-3.46274459138934,-3.46274459138934,-3.46274459138934,0,-3.39315364377426,1,129.929126758872,132
"city",2015-06-29,2015,6,29,1,"Mon",29,10200000,22.8770963025057,31.6196056218104,0,0,0.0352311207465984,0.0352311207465984,-3.34582547485573,-3.34582547485573,-3.34582547485573,0,-3.39315364377426,1,133.964349841621,133
"city",2015-06-30,2015,6,30,2,"Tue",30,10200000,23.9557042787737,31.6196056218104,0,0,0.0318683282910843,0.0318683282910843,-3.44614260592663,-3.44614260592663,-3.44614260592663,0,-3.39315364377426,1,132.56487297166,122
"city",2015-07-01,2015,7,1,3,"Wed",31,10200000,24.5859852533136,31.6196056218104,0,0,0.0398415794908617,0.0398415794908617,-3.22284420119665,-3.22284420119665,-3.22284420119665,0,-3.39315364377426,1,134.046750705275,152
"city",2015-07-02,2015,7,2,4,"Thu",32,10200000,24.1833219685653,31.6196056218104,0,0,0.0415430006719202,0.0415430006719202,-3.18102622742036,-3.18102622742036,-3.18102622742036,0,-3.39315364377426,1,134.074781453174,132
"city",2015-07-03,2015,7,3,5,"Fri",33,10200000,25.3754202191024,31.6196056218104,0,0,0.0378405708201572,0.0378405708201572,-3.27437344981295,-3.27437344981295,-3.28434409539402,0,-3.39315364377426,1,132.678774658454,131
"city",2015-07-04,2015,7,4,6,"Sat",34,10200000,24.5452064402934,31.6196056218104,0,0,0.0391163304134281,0.0391163304134281,-3.24121524155306,-3.24121524155306,-3.24121524155306,0,-3.39315364377426,1,131.380378676928,138
"city",2015-07-05,2015,7,5,0,"Sun",35,10200000,26.1928982382601,31.6196056218104,0,0,0.0431746618106756,0.0431746618106756,-3.14250148796964,-3.14250148796964,-3.17051995564794,0,-3.39315364377426,1,131.445239933989,129
"city",2015-07-06,2015,7,6,1,"Mon",36,10200000,30.2287907505337,31.6196056218104,0,0,0.0464503888129125,0.0464503888129125,-3.0693704431887,-3.0693704431887,-3.18879293516946,0,-3.39315364377426,1,135.49787990702,116
"city",2015-07-07,2015,7,7,2,"Tue",37,10200000,27.7458431239687,31.6196056218104,0,0,0.0462135562527713,0.0462135562527713,-3.07448209855059,-3.07448209855059,-3.13573684339835,0,-3.39315364377426,1,134.146224885147,120
"city",2015-07-08,2015,7,8,3,"Wed",38,10200000,28.8285560497815,31.6196056218104,0,0,0.0455710709263801,0.0455710709263801,-3.08848217329387,-3.08848217329387,-3.17623512815149,0,-3.39315364377426,1,134.136834927926,141
"city",2015-07-09,2015,7,9,4,"Thu",39,10200000,26.4749886508826,31.6196056218104,0,0,0.0407427918197217,0.0407427918197217,-3.20047634280136,-3.20047634280136,-3.23735035367234,0,-3.39315364377426,1,134.061743237327,149
"city",2015-07-10,2015,7,10,5,"Fri",40,10200000,25.9495484091743,31.6196056218104,0,0,0.0367411848771806,0.0367411848771806,-3.30385694938365,-3.30385694938365,-3.33004103108058,0,-3.39315364377426,1,132.659216927087,156
"city",2015-07-11,2015,7,11,6,"Sat",41,10200000,23.9467015718255,31.6196056218104,0,0,0.0332879664975163,0.0332879664975163,-3.40255931374528,-3.40255931374528,-3.40255931374528,0,-3.39315364377426,1,131.274434189952,114
"city",2015-07-12,2015,7,12,0,"Sun",42,10200000,23.9654633475118,31.6196056218104,0,0,0.0358398451072089,0.0358398451072089,-3.32869501267021,-3.32869501267021,-3.32869501267021,0,-3.39315364377426,1,131.322925615516,138
"city",2015-07-13,2015,7,13,1,"Mon",43,10200000,21.5940486050938,31.6196056218104,0,0,0.0353991091661176,0.0353991091661176,-3.34106862395798,-3.34106862395798,-3.34106862395798,0,-3.39315364377426,1,135.313932243579,126
"city",2015-07-14,2015,7,14,2,"Tue",44,10200000,24.7960338037319,31.6196056218104,0,0,0.0316123386701882,0.0316123386701882,-3.45420777035414,-3.45420777035414,-3.45420777035414,0,-3.39315364377426,1,133.891772689839,153
"city",2015-07-15,2015,7,15,3,"Wed",45,10200000,28.8577858897295,31.6196056218104,0,0,0.0338567902043421,0.0338567902043421,-3.38561570286207,-3.38561570286207,-3.50659108738368,0,-3.39315364377426,1,133.937700132579,128
"city",2015-07-16,2015,7,16,4,"Thu",46,10200000,25.3238939076058,31.6196056218104,0,0,0.0315844656472417,0.0315844656472417,-3.45508987270266,-3.45508987270266,-3.46539766434046,0,-3.39315364377426,1,133.891182159906,126
"city",2015-07-17,2015,7,17,5,"Fri",47,10200000,27.388766591823,31.6196056218104,0,0,0.0383240505521064,0.0383240505521064,-3.26167762812261,-3.26167762812261,-3.32603562603971,0,-3.39315364377426,1,132.687197256106,145
"city",2015-07-18,2015,7,18,6,"Sat",48,10200000,29.3997269289493,31.6196056218104,0,0,0.0343377567855324,0.0343377567855324,-3.371509749306,-3.371509749306,-3.50862570520911,0,-3.39315364377426,1,131.294815842032,117
"city",2015-07-19,2015,7,19,0,"Sun",49,10200000,30.7216405516202,31.6196056218104,0,0,0.0368349971454233,0.0368349971454233,-3.30130687634368,-3.30130687634368,-3.4701180795243,0,-3.39315364377426,1,131.340910297853,130
"city",2015-07-20,2015,7,20,1,"Mon",50,10200000,29.9458512983204,31.6196056218104,0,0,0.0377415002127438,0.0377415002127438,-3.27699498856672,-3.27699498856672,-3.41745942743957,0,-3.39315364377426,1,135.357289466135,123
"city",2015-07-21,2015,7,21,2,"Tue",51,10200000,29.3415595692904,31.6196056218104,0,0,0.0410223344077722,0.0410223344077722,-3.19363861894272,-3.19363861894272,-3.30550250753995,0,-3.39315364377426,1,134.066326701579,122
"city",2015-07-22,2015,7,22,3,"Wed",52,10200000,28.3525875789616,31.6196056218104,0,0,0.042068032468858,0.042068032468858,-3.16846715050622,-3.16846715050622,-3.25151666580055,0,-3.39315364377426,1,134.083200994988,149
"city",2015-07-23,2015,7,23,4,"Thu",53,10200000,27.6703547230912,31.6196056218104,0,0,0.0415528780005135,0.0415528780005135,-3.18078849412245,-3.18078849412245,-3.2472104023851,0,-3.39315364377426,1,134.074940823469,117
"city",2015-07-24,2015,7,24,5,"Fri",54,10200000,28.9291249247366,31.6196056218104,0,0,0.0430497737647338,0.0430497737647338,-3.1453983032968,-3.1453983032968,-3.24110484806357,0,-3.39315364377426,1,132.764363574601,115
"city",2015-07-25,2015,7,25,6,"Sat",55,10200000,31.0435311662056,31.6196056218104,0,0,0.0436138390180916,0.0436138390180916,-3.1323807703188,-3.1323807703188,-3.28154122534183,0,-3.39315364377426,1,131.451891703089,142
"city",2015-07-26,2015,7,26,0,"Sun",56,10200000,31.3366171620454,31.6196056218104,0,0,0.044528688490886,0.044528688490886,-3.11162161234172,-3.11162161234172,-3.26512734174914,0,-3.39315364377426,1,131.465536564147,119
"city",2015-07-27,2015,7,27,1,"Mon",57,10200000,30.8534332008451,31.6196056218104,0,0,0.0446002550101889,0.0446002550101889,-3.11001570225522,-3.11001570225522,-3.25070654436981,0,-3.39315364377426,1,135.470345972765,125
"city",2015-07-28,2015,7,28,2,"Tue",58,10200000,30.0713304076278,31.6196056218104,0,0,0.03848662342976,0.03848662342976,-3.25744454144369,-3.25744454144369,-3.39874160887808,0,-3.39315364377426,1,134.023562395224,137
"city",2015-07-29,2015,7,29,3,"Wed",59,10200000,30.9141206235264,31.6196056218104,0,0,0.041041037813736,0.041041037813736,-3.19318279058029,-3.19318279058029,-3.34878757089009,0,-3.39315364377426,1,134.066632258098,139
"city",2015-07-30,2015,7,30,4,"Thu",60,10200000,27.1394300016446,31.6196056218104,0,0,0.0333224290973364,0.0333224290973364,-3.4015245622598,-3.4015245622598,-3.46788223345819,0,-3.39315364377426,1,133.927046576102,136
"city",2015-07-31,2015,7,31,5,"Fri",61,10200000,26.8077706454776,31.6196056218104,0,0,0.03421999449601,0.03421999449601,-3.37494517135942,-3.37494517135942,-3.42921964799839,0,-3.39315364377426,1,132.612072766769,141
"city",2015-08-01,2015,8,1,6,"Sat",62,10200000,25.1191953433835,31.6196056218104,0,0,0.0307037346129972,0.0307037346129972,-3.48337098315575,-3.48337098315575,-3.48726065033392,0,-3.39315364377426,1,132.540199392633,152
"city",2015-08-02,2015,8,2,0,"Sun",63,10200000,22.8694856821139,31.6196056218104,0,0,0.0298697349401793,0.0298697349401793,-3.5109095205739,-3.5109095205739,-3.5109095205739,0,-3.39315364377426,1,132.521950832807,118
"city",2015-08-03,2015,8,3,1,"Mon",64,10200000,24.72962314593,31.6196056218104,0,0,0.0272411892291635,0.0272411892291635,-3.6030251411955,-3.6030251411955,-3.6030251411955,0,-3.39315364377426,1,136.494964012711,165
"city",2015-08-04,2015,8,4,2,"Tue",65,10200000,27.1374872614549,31.6196056218104,0,0,0.0296325622573704,0.0296325622573704,-3.51888144603011,-3.51888144603011,-3.59374838140595,0,-3.39315364377426,1,135.193682945378,125
"city",2015-08-05,2015,8,5,3,"Wed",66,10200000,31.6096949465442,31.6196056218104,0,0,0.0406204199753241,0.0406204199753241,-3.20348438375671,-3.20348438375671,-3.38107936208441,0,-3.39315364377426,1,135.407049591388,114
"city",2015-08-06,2015,8,6,4,"Thu",67,10200000,29.5110965813737,31.6196056218104,0,0,0.040857554647451,0.040857554647451,-3.19766353848462,-3.19766353848462,-3.31465851947294,0,-3.39315364377426,1,135.410990566159,140
"city",2015-08-07,2015,8,7,5,"Fri",68,10200000,29.6437992082355,31.6196056218104,0,0,0.0434764819772999,0.0434764819772999,-3.13553513128827,-3.13553513128827,-3.24849304751277,0,-3.39315364377426,1,134.105280965543,160
"city",2015-08-08,2015,8,8,6,"Sat",69,10200000,28.2424872274859,31.6196056218104,0,0,0.0426298070476681,0.0426298070476681,-3.15520157442525,-3.15520157442525,-3.23431134645234,0,-3.39315364377426,1,132.757856108827,123
"city",2015-08-09,2015,8,9,0,"Sun",70,10200000,26.5037747810803,31.6196056218104,0,0,0.0416895838092814,0.0416895838092814,-3.17750397012604,-3.17750397012604,-3.21424135492832,0,-3.39315364377426,1,132.743052843016,118
"city",2015-08-10,2015,8,10,1,"Mon",71,10200000,27.2702815196673,31.6196056218104,0,0,0.0366428011483233,0.0366428011483233,-3.30653829154373,-3.30653829154373,-3.37049788185607,0,-3.39315364377426,1,136.697458877656,130
"city",2015-08-11,2015,8,11,2,"Tue",72,10200000,24.1482905176232,31.6196056218104,0,0,0.0342351570725712,0.0342351570725712,-3.37450217834979,-3.37450217834979,-3.37450217834979,0,-3.39315364377426,1,135.291314005584,122
"city",2015-08-12,2015,8,12,3,"Wed",73,10200000,24.4909797063747,31.6196056218104,0,0,0.0352062725703787,0.0352062725703787,-3.34653101423134,-3.34653101423134,-3.34653101423134,0,-3.39315364377426,1,135.31023660651,142
"city",2015-08-13,2015,8,13,4,"Thu",74,10200000,25.7667033733765,31.6196056218104,0,0,0.033111777709231,0.033111777709231,-3.40786623785762,-3.40786623785762,-3.43129353127104,0,-3.39315364377426,1,135.268746550734,123
"city",2015-08-14,2015,8,14,5,"Fri",75,10200000,23.8610274572429,31.6196056218104,0,0,0.0358311601630018,0.0358311601630018,-3.32893736853551,-3.32893736853551,-3.32893736853551,0,-3.39315364377426,1,133.975662340147,146
"city",2015-08-15,2015,8,15,6,"Sat",76,10200000,26.6999974185925,31.6196056218104,0,0,0.0384873902456308,0.0384873902456308,-3.25742461742429,-3.25742461742429,-3.3026000787251,0,-3.39315364377426,1,132.690018886455,119
"city",2015-08-16,2015,8,16,0,"Sun",77,10200000,26.698870021165,31.6196056218104,0,0,0.0357561644296657,0.0357561644296657,-3.3310325931077,-3.3310325931077,-3.37971104294213,0,-3.39315364377426,1,132.641192653588,132
"city",2015-08-17,2015,8,17,1,"Mon",78,10200000,26.2015013706729,31.6196056218104,0,0,0.0294074375507983,0.0294074375507983,-3.52650765871271,-3.52650765871271,-3.56822282034936,0,-3.39315364377426,1,136.547195258672,126
"city",2015-08-18,2015,8,18,2,"Tue",79,10200000,27.2931206119282,31.6196056218104,0,0,0.0323547751303013,0.0323547751303013,-3.43099366057274,-3.43099366057274,-3.50450485564061,0,-3.39315364377426,1,135.253105367694,133
"city",2015-08-19,2015,8,19,3,"Wed",80,10200000,26.9780692488894,31.6196056218104,0,0,0.032346769026168,0.032346769026168,-3.43124113856661,-3.43124113856661,-3.49434281357463,0,-3.39315364377426,1,135.252938006961,117
"city",2015-08-20,2015,8,20,4,"Thu",81,10200000,25.0699636767361,31.6196056218104,0,0,0.0335971940078041,0.0335971940078041,-3.39331272717277,-3.39331272717277,-3.39539732462775,0,-3.39315364377426,1,135.278590084616,130
"city",2015-08-21,2015,8,21,5,"Fri",82,10200000,24.3825112164375,31.6196056218104,0,0,0.0310060082880811,0.0310060082880811,-3.47357427753229,-3.47357427753229,-3.47357427753229,0,-3.39315364377426,1,133.878808237655,132
"city",2015-08-22,2015,8,22,6,"Sat",83,10200000,27.2520194760366,31.6196056218104,0,0,0.0367828279313768,0.0367828279313768,-3.30272417501353,-3.30272417501353,-3.36590335472544,0,-3.39315364377426,1,132.659968294019,125
"city",2015-08-23,2015,8,23,0,"Sun",84,10200000,27.4703234693894,31.6196056218104,0,0,0.0378040939198243,0.0378040939198243,-3.27533787746388,-3.27533787746388,-3.34291610237598,0,-3.39315364377426,1,132.678134864602,136
"city",2015-08-24,2015,8,24,1,"Mon",85,10200000,25.2730770701243,31.6196056218104,0,0,0.0373805839390886,0.0373805839390886,-3.28660385537827,-3.28660385537827,-3.29393598835551,0,-3.39315364377426,1,136.711084490532,148
"city",2015-08-25,2015,8,25,2,"Tue",86,10200000,25.4726375599063,31.6196056218104,0,0,0.0336235383966267,0.0336235383966267,-3.3925289097632,-3.3925289097632,-3.40668538815779,0,-3.39315364377426,1,135.279120254225,132
"city",2015-08-26,2015,8,26,3,"Wed",87,10200000,23.6576596509698,31.6196056218104,0,0,0.0347261171015755,0.0347261171015755,-3.36026322090739,-3.36026322090739,-3.36026322090739,0,-3.39315364377426,1,135.300946384779,123
"city",2015-08-27,2015,8,27,4,"Thu",88,10200000,27.5295456559058,31.6196056218104,0,0,0.0369409952800953,0.0369409952800953,-3.29843336142037,-3.29843336142037,-3.36936593206855,0,-3.39315364377426,1,135.342781043541,122
"city",2015-08-28,2015,8,28,5,"Fri",89,10200000,25.8613734516279,31.6196056218104,0,0,0.034496990779461,0.034496990779461,-3.36688318253278,-3.36688318253278,-3.39216973393929,0,-3.39315364377426,1,133.950245673547,147
"city",2015-08-29,2015,8,29,6,"Sat",90,10200000,25.6947998207276,31.6196056218104,0,0,0.031592445393109,0.031592445393109,-3.45483725680934,-3.45483725680934,-3.47707529304999,0,-3.39315364377426,1,132.559110070478,128
"city",2015-08-30,2015,8,30,0,"Sun",91,10200000,24.9495225165155,31.6196056218104,0,0,0.0323585000073015,0.0323585000073015,-3.43087854116343,-3.43087854116343,-3.43087854116343,0,-3.39315364377426,1,132.574990751783,121
"city",2015-08-31,2015,8,31,1,"Mon",92,10200000,25.104533282869,31.6196056218104,0,0,0.042063501828985,0.042063501828985,-3.16857485423265,-3.16857485423265,-3.17106307759326,0,-3.39315364377426,1,136.791787665217,165
"city",2016-06-01,2016,6,1,3,"Wed",1,10150000,21.922333233146,31.6196056218104,0,0,0.0346866546492842,0.0346866546492842,-3.36140025824353,-3.36140025824353,-3.36140025824353,0,-3.39315364377426,1,131.970950959219,134
"city",2016-06-02,2016,6,2,4,"Thu",2,10150000,19.4772916769045,31.6196056218104,0,0,0.0377613082628814,0.0377613082628814,-3.27647029151261,-3.27647029151261,-3.27647029151261,0,-3.39315364377426,1,132.027004302271,118
"city",2016-06-03,2016,6,3,5,"Fri",3,10150000,19.0083501631166,31.6196056218104,0,0,0.0393431214036046,0.0393431214036046,-3.23543412489824,-3.23543412489824,-3.23543412489824,0,-3.39315364377426,1,130.740136278103,158
"city",2016-06-04,2016,6,4,6,"Sat",4,10150000,21.2012628621488,31.6196056218104,0,0,0.0335991007747248,0.0335991007747248,-3.3932559750281,-3.3932559750281,-3.3932559750281,0,-3.39315364377426,1,129.337148766646,148
"city",2016-06-05,2016,6,5,0,"Sun",5,10150000,22.8256546243702,31.6196056218104,0,0,0.0316713058085846,0.0316713058085846,-3.45234418756121,-3.45234418756121,-3.45234418756121,0,-3.39315364377426,1,129.29894290604,126
"city",2016-06-06,2016,6,6,1,"Mon",6,10150000,21.5379268311047,31.6196056218104,0,0,0.0349350162012005,0.0349350162012005,-3.35426562322513,-3.35426562322513,-3.35426562322513,0,-3.39315364377426,1,133.302036288679,133
"city",2016-06-07,2016,6,7,2,"Tue",7,10150000,21.7573271504754,31.6196056218104,0,0,0.0327842653577245,0.0327842653577245,-3.41780659339547,-3.41780659339547,-3.41780659339547,0,-3.39315364377426,1,131.933736218883,133
"city",2016-06-08,2016,6,8,3,"Wed",8,10150000,23.0885870648986,31.6196056218104,0,0,0.0362319357458278,0.0362319357458278,-3.31781434613927,-3.31781434613927,-3.31781434613927,0,-3.39315364377426,1,131.999714464659,120
"city",2016-06-09,2016,6,9,4,"Thu",9,10150000,22.1670908418627,31.6196056218104,0,0,0.0375019016934645,0.0375019016934645,-3.28336363546585,-3.28336363546585,-3.28336363546585,0,-3.39315364377426,1,132.022453842932,141
"city",2016-06-10,2016,6,10,5,"Fri",10,10150000,22.9787279895607,31.6196056218104,0,0,0.0431671895699523,0.0431671895699523,-3.1426745729944,-3.1426745729944,-3.1426745729944,0,-3.39315364377426,1,130.800787324211,133
"city",2016-06-11,2016,6,11,6,"Sat",11,10150000,20.7776552714223,31.6196056218104,0,0,0.040664134135964,0.040664134135964,-3.20240880020133,-3.20240880020133,-3.20240880020133,0,-3.39315364377426,1,129.460625817604,132
"city",2016-06-12,2016,6,12,0,"Sun",12,10150000,21.7841601098268,31.6196056218104,0,0,0.0385142281457124,0.0385142281457124,-3.2567275437334,-3.2567275437334,-3.2567275437334,0,-3.39315364377426,1,129.425469899227,151
"city",2016-06-13,2016,6,13,1,"Mon",13,10150000,21.2277649089835,31.6196056218104,0,0,0.039830223742602,0.039830223742602,-3.2231292643652,-3.2231292643652,-3.2231292643652,0,-3.39315364377426,1,133.389468667794,138
"city",2016-06-14,2016,6,14,2,"Tue",14,10150000,21.0233471986638,31.6196056218104,0,0,0.0359035959597373,0.0359035959597373,-3.32691782249479,-3.32691782249479,-3.32691782249479,0,-3.39315364377426,1,131.993706319999,137
"city",2016-06-15,2016,6,15,3,"Wed",15,10150000,21.5471762365144,31.6196056218104,0,0,0.0341520302139892,0.0341520302139892,-3.37693324483522,-3.37693324483522,-3.37693324483522,0,-3.39315364377426,1,131.960701842164,125
"city",2016-06-16,2016,6,16,4,"Thu",16,10150000,21.1195495847071,31.6196056218104,0,0,0.0329028867461478,0.0329028867461478,-3.414194882016,-3.414194882016,-3.414194882016,0,-3.39315364377426,1,131.936118773278,132
"city",2016-06-17,2016,6,17,5,"Fri",17,10150000,20.424597324677,31.6196056218104,0,0,0.033012069782456,0.033012069782456,-3.41088203340273,-3.41088203340273,-3.41088203340273,0,-3.39315364377426,1,130.625496151543,143
"city",2016-06-18,2016,6,18,6,"Sat",18,10150000,19.3532282206958,31.6196056218104,0,0,0.0296585060581613,0.0296585060581613,-3.51800631244983,-3.51800631244983,-3.51800631244983,0,-3.39315364377426,1,129.256499657021,130
"city",2016-06-19,2016,6,19,0,"Sun",19,10150000,22.2125136222423,31.6196056218104,0,0,0.0329738112511141,0.0329738112511141,-3.4120416310327,-3.4120416310327,-3.4120416310327,0,-3.39315364377426,1,129.325000921242,147
"city",2016-06-20,2016,6,20,1,"Mon",20,10150000,24.4570002985648,31.6196056218104,0,0,0.0301948842165306,0.0301948842165306,-3.5000827657542,-3.5000827657542,-3.5000827657542,0,-3.39315364377426,1,133.204883099359,130
"city",2016-06-21,2016,6,21,2,"Tue",21,10150000,21.8088427717129,31.6196056218104,0,0,0.0343494071163616,0.0343494071163616,-3.37117052053955,-3.37117052053955,-3.37117052053955,0,-3.39315364377426,1,131.964504162656,135
"city",2016-06-22,2016,6,22,3,"Wed",22,10150000,22.3189543212132,31.6196056218104,0,0,0.035015779997872,0.035015779997872,-3.35195646201618,-3.35195646201618,-3.35195646201618,0,-3.39315364377426,1,131.977182640189,145
"city",2016-06-23,2016,6,23,4,"Thu",23,10150000,22.3964682888516,31.6196056218104,0,0,0.0337919847856708,0.0337919847856708,-3.38753164113309,-3.38753164113309,-3.38753164113309,0,-3.39315364377426,1,131.953709168374,134
"city",2016-06-24,2016,6,24,5,"Fri",24,10150000,20.422887877426,31.6196056218104,0,0,0.0303329460441235,0.0303329460441235,-3.49552082899105,-3.49552082899105,-3.49552082899105,0,-3.39315364377426,1,130.570227923622,108
"city",2016-06-25,2016,6,25,6,"Sat",25,10150000,21.3777468442762,31.6196056218104,0,0,0.0326846295991905,0.0326846295991905,-3.4208503544219,-3.4208503544219,-3.4208503544219,0,-3.39315364377426,1,129.319305105873,130
"city",2016-06-26,2016,6,26,0,"Sun",26,10150000,22.2647915719643,31.6196056218104,0,0,0.0319001555312549,0.0319001555312549,-3.4451443936153,-3.4451443936153,-3.4451443936153,0,-3.39315364377426,1,129.303597618554,130
"city",2016-06-27,2016,6,27,1,"Mon",27,10150000,22.1774825875383,31.6196056218104,0,0,0.0354002354213635,0.0354002354213635,-3.34103680854352,-3.34103680854352,-3.34103680854352,0,-3.39315364377426,1,133.31085371996,145
"city",2016-06-28,2016,6,28,2,"Tue",28,10150000,21.1347717667729,31.6196056218104,0,0,0.0360781249095674,0.0360781249095674,-3.32206855549389,-3.32206855549389,-3.32206855549389,0,-3.39315364377426,1,131.99690672242,119
"city",2016-06-29,2016,6,29,3,"Wed",29,10150000,24.7236007257356,31.6196056218104,0,0,0.037241497849521,0.037241497849521,-3.29033160585901,-3.29033160585901,-3.29033160585901,0,-3.39315364377426,1,132.017854280308,140
"city",2016-06-30,2016,6,30,4,"Thu",30,10150000,24.6751315555658,31.6196056218104,0,0,0.0341277601020197,0.0341277601020197,-3.37764414663733,-3.37764414663733,-3.37764414663733,0,-3.39315364377426,1,131.960232787494,155
"city",2016-07-01,2016,7,1,5,"Fri",31,10150000,26.687119855062,31.6196056218104,0,0,0.0331678364946698,0.0331678364946698,-3.40617465291164,-3.40617465291164,-3.4583800907744,0,-3.39315364377426,1,131.941409668861,137
"city",2016-07-02,2016,7,2,6,"Sat",32,10150000,24.6713107703246,31.6196056218104,0,0,0.0328525297493481,0.0328525297493481,-3.41572652790399,-3.41572652790399,-3.41572652790399,0,-3.39315364377426,1,130.622332117375,125
"city",2016-07-03,2016,7,3,0,"Sun",33,10150000,25.8898881604968,31.6196056218104,0,0,0.0334928870774901,0.0334928870774901,-3.39642218874055,-3.39642218874055,-3.4233510035216,0,-3.39315364377426,1,130.634940614869,129
"city",2016-07-04,2016,7,4,1,"Mon",34,10150000,26.3151053678045,31.6196056218104,0,0,0.0367566126035982,0.0367566126035982,-3.30343713471783,-3.30343713471783,-3.33987162492291,0,-3.39315364377426,1,134.675966556249,142
"city",2016-07-05,2016,7,5,2,"Tue",35,10150000,25.3263127735029,31.6196056218104,0,0,0.0336639068086032,0.0336639068086032,-3.39132903015128,-3.39132903015128,-3.40106956877756,0,-3.39315364377426,1,133.277335439419,129
"city",2016-07-06,2016,7,6,3,"Wed",36,10150000,23.2861167535485,31.6196056218104,0,0,0.034279802811402,0.034279802811402,-3.37319893756193,-3.37319893756193,-3.37319893756193,0,-3.39315364377426,1,133.289417639197,125
"city",2016-07-07,2016,7,7,4,"Thu",37,10150000,25.4585128481251,31.6196056218104,0,0,0.0310737131575522,0.0310737131575522,-3.47139305330196,-3.47139305330196,-3.4862586512212,0,-3.39315364377426,1,133.223992518903,128
"city",2016-07-08,2016,7,8,5,"Fri",38,10150000,27.0167552179754,31.6196056218104,0,0,0.0364927624566569,0.0364927624566569,-3.31064132691424,-3.31064132691424,-3.36749163923409,0,-3.39315364377426,1,132.004448732004,109
"city",2016-07-09,2016,7,9,6,"Sat",39,10150000,29.085922749953,31.6196056218104,0,0,0.0406668567324062,0.0406668567324062,-3.20234184918022,-3.20234184918022,-3.30822810374687,0,-3.39315364377426,1,130.761770511055,127
"city",2016-07-10,2016,7,10,0,"Sun",40,10150000,27.555709096817,31.6196056218104,0,0,0.043119893152098,0.043119893152098,-3.14377083030427,-3.14377083030427,-3.20486976783806,0,-3.39315364377426,1,130.80007036958,131
"city",2016-07-11,2016,7,11,1,"Mon",41,10150000,27.3883783311244,31.6196056218104,0,0,0.0403617427373979,0.0403617427373979,-3.20987290461235,-3.20987290461235,-3.27087030170373,0,-3.39315364377426,1,134.738985561534,111
"city",2016-07-12,2016,7,12,2,"Tue",42,10150000,28.6322804220081,31.6196056218104,0,0,0.0394976980790381,0.0394976980790381,-3.23151288525325,-3.23151288525325,-3.32798174421768,0,-3.39315364377426,1,133.383877351305,123
"city",2016-07-13,2016,7,13,3,"Wed",43,10150000,29.0512068352318,31.6196056218104,0,0,0.0402793082036688,0.0402793082036688,-3.21191738596474,-3.21191738596474,-3.31792018040454,0,-3.39315364377426,1,133.396946609909,115
"city",2016-07-14,2016,7,14,4,"Thu",44,10150000,30.1806210419026,31.6196056218104,0,0,0.0408278087613831,0.0408278087613831,-3.19839184245834,-3.19839184245834,-3.33408502108256,0,-3.39315364377426,1,133.405968245987,146
"city",2016-07-15,2016,7,15,5,"Fri",45,10150000,29.6050372685216,31.6196056218104,0,0,0.0398147459647181,0.0398147459647181,-3.22351793368444,-3.22351793368444,-3.34643341917526,0,-3.39315364377426,1,132.061964636021,131
"city",2016-07-16,2016,7,16,6,"Sat",46,10150000,29.1445998486434,31.6196056218104,0,0,0.0436713475018911,0.0436713475018911,-3.13106305549424,-3.13106305549424,-3.23077768046316,0,-3.39315364377426,1,130.808381522814,118
"city",2016-07-17,2016,7,17,0,"Sun",47,10150000,29.4854952253875,31.6196056218104,0,0,0.0441750389253689,0.0441750389253689,-3.11959537961392,-3.11959537961392,-3.22666750885236,0,-3.39315364377426,1,130.815882078456,127
"city",2016-07-18,2016,7,18,1,"Mon",48,10150000,28.3612016700248,31.6196056218104,0,0,0.0372971910605711,0.0372971910605711,-3.28883726185516,-3.28883726185516,-3.3832791937911,0,-3.39315364377426,1,134.685798175042,123
"city",2016-07-19,2016,7,19,2,"Tue",49,10150000,30.8158587318221,31.6196056218104,0,0,0.0385162038699354,0.0385162038699354,-3.25667624649485,-3.25667624649485,-3.42036964645226,0,-3.39315364377426,1,133.367096473537,137
"city",2016-07-20,2016,7,20,3,"Wed",50,10150000,28.9990650562522,31.6196056218104,0,0,0.0409749431739363,0.0409749431739363,-3.1947945412004,-3.1947945412004,-3.2974895217103,0,-3.39315364377426,1,133.408367774854,132
"city",2016-07-21,2016,7,21,4,"Thu",51,10150000,31.0324943723115,31.6196056218104,0,0,0.0461644727984025,0.0461644727984025,-3.07554476376421,-3.07554476376421,-3.21558179549265,0,-3.39315364377426,1,133.487936084581,141
"city",2016-07-22,2016,7,22,5,"Fri",52,10150000,29.2493042153697,31.6196056218104,0,0,0.0371280390676993,0.0371280390676993,-3.29338282480024,-3.29338282480024,-3.41492918726165,0,-3.39315364377426,1,132.015840218784,141
"city",2016-07-23,2016,7,23,6,"Sat",53,10150000,32.1464937261172,31.6196056218104,1,1,0.031575066418833,0.041575066418833,-3.45538750722181,-3.18025465633778,-3.45538750722181,1e-05,-3.39315364377426,1,154.730518164027,152
"city",2016-07-24,2016,7,24,0,"Sun",54,10150000,32.1745719446261,31.6196056218104,1,1,0.0339827311682098,0.0439827311682098,-3.38190279021169,-3.12395819555151,-3.38190279021169,1e-05,-3.39315364377426,1,154.861235056221,152
"city",2016-07-25,2016,7,25,1,"Mon",55,10150000,32.7352684529001,31.6196056218104,1,1,0.0310919988468063,0.0410919988468063,-3.47080476470389,-3.19194185169182,-3.47080476470389,1e-05,-3.39315364377426,1,159.414814852065,151
"city",2016-07-26,2016,7,26,2,"Tue",56,10150000,33.4832757416617,31.6196056218104,1,1,0.0323025591570635,0.0423025591570635,-3.43260882102329,-3.16290769459298,-3.43260882102329,1e-05,-3.39315364377426,1,157.897362221642,159
"city",2016-07-27,2016,7,27,3,"Wed",57,10150000,33.0553260885807,31.6196056218104,1,1,0.0321888176212052,0.0421888176212052,-3.4361361655916,-3.16560007833447,-3.4361361655916,1e-05,-3.39315364377426,1,157.890985546044,164
"city",2016-07-28,2016,7,28,4,"Thu",58,10150000,31.6106900555406,31.6196056218104,0,0,0.0414973992520035,0.0414973992520035,-3.18212452233567,-3.18212452233567,-3.35564934762238,0,-3.39315364377426,1,133.416819475241,138
"city",2016-07-29,2016,7,29,5,"Fri",59,10150000,30.5972239371486,31.6196056218104,0,0,0.0386273871838776,0.0386273871838776,-3.25379374156069,-3.25379374156069,-3.41033409721415,0,-3.39315364377426,1,132.041974735739,127
"city",2016-07-30,2016,7,30,6,"Sat",60,10150000,29.0444012945151,31.6196056218104,0,0,0.0377397010043514,0.0377397010043514,-3.27704266158633,-3.27704266158633,-3.39039692583686,0,-3.39315364377426,1,130.712939578454,115
"city",2016-07-31,2016,7,31,0,"Sun",61,10150000,34.8218996977543,31.6196056218104,1,1,0.0342247596004964,0.0442247596004964,-3.37480593192298,-3.1184704747793,-3.37480593192298,1e-05,-3.39315364377426,1,154.873983109143,161
"city",2016-08-01,2016,8,1,1,"Mon",62,10150000,34.2654314349477,31.6196056218104,1,1,0.035086580319611,0.045086580319611,-3.34993654869256,-3.09917063064034,-3.34993654869256,1e-05,-3.39315364377426,1,161.241182451367,152
"city",2016-08-02,2016,8,2,2,"Tue",63,10150000,32.9557534201359,31.6196056218104,1,1,0.0315692444363852,0.0415692444363852,-3.45557190966078,-3.18039470157714,-3.45557190966078,1e-05,-3.39315364377426,1,159.44242904545,175
"city",2016-08-03,2016,8,3,3,"Wed",64,10150000,28.1056285039629,31.6196056218104,0,0,0.034227768423492,0.034227768423492,-3.37471802215297,-3.37471802215297,-3.46983581855504,0,-3.39315364377426,1,134.62797599672,120
"city",2016-08-04,2016,8,4,4,"Thu",65,10150000,26.8559890177565,31.6196056218104,0,0,0.035503964560652,0.035503964560652,-3.33811091097142,-3.33811091097142,-3.39180238687371,0,-3.39315364377426,1,134.652619958439,151
"city",2016-08-05,2016,8,5,5,"Fri",66,10150000,28.2271564089957,31.6196056218104,0,0,0.0300780881463153,0.0300780881463153,-3.50395834088604,-3.50395834088604,-3.6174547570532,0,-3.39315364377426,1,133.202301896707,118
"city",2016-08-06,2016,8,6,6,"Sat",67,10150000,24.8599985993416,31.6196056218104,0,0,0.0266034017887095,0.0266034017887095,-3.62671618457771,-3.62671618457771,-3.62671618457771,0,-3.39315364377426,1,131.795997054505,148
"city",2016-08-07,2016,8,7,0,"Sun",68,10150000,28.9085617518683,31.6196056218104,0,0,0.0294704100466789,0.0294704100466789,-3.52436856829204,-3.52436856829204,-3.66665434008365,0,-3.39315364377426,1,131.863459345217,131
"city",2016-08-08,2016,8,8,1,"Mon",69,10150000,31.6776781810039,31.6196056218104,1,1,0.0280113817647752,0.0380113817647752,-3.57514435980315,-3.26986964397729,-3.57514435980315,1e-05,-3.39315364377426,1,160.828854894635,158
"city",2016-08-09,2016,8,9,2,"Tue",70,10150000,31.6779698534453,31.6196056218104,1,1,0.0320887036048,0.0420887036048,-3.439251223405,-3.1679758972252,-3.439251223405,1e-05,-3.39315364377426,1,159.472133077003,145
"city",2016-08-10,2016,8,10,3,"Wed",71,10150000,29.6180620233987,31.6196056218104,0,0,0.0309602392568805,0.0309602392568805,-3.47505150235505,-3.47505150235505,-3.63658392725686,0,-3.39315364377426,1,134.560454467989,140
"city",2016-08-11,2016,8,11,4,"Thu",72,10150000,29.0520953035029,31.6196056218104,0,0,0.0314370085012348,0.0314370085012348,-3.45976946539995,-3.45976946539995,-3.5977630304527,0,-3.39315364377426,1,134.570736650005,128
"city",2016-08-12,2016,8,12,5,"Fri",73,10150000,27.3776514274743,31.6196056218104,0,0,0.031240308201904,0.031240308201904,-3.46604608844139,-3.46604608844139,-3.54520667254738,0,-3.39315364377426,1,133.227554286547,113
"city",2016-08-13,2016,8,13,6,"Sat",74,10150000,26.7842650306153,31.6196056218104,0,0,0.0284981695931893,0.0284981695931893,-3.55791541857041,-3.55791541857041,-3.62257107899578,0,-3.39315364377426,1,131.841343181449,132
"city",2016-08-14,2016,8,14,0,"Sun",75,10150000,28.4245905140109,31.6196056218104,0,0,0.0356104216830442,0.0356104216830442,-3.33511694005955,-3.33511694005955,-3.43622894907796,0,-3.39315364377426,1,131.988295271335,129
"city",2016-08-15,2016,8,15,1,"Mon",76,10150000,26.1740565621399,31.6196056218104,0,0,0.0319418677126468,0.0319418677126468,-3.44383766224283,-3.44383766224283,-3.48128622800859,0,-3.39315364377426,1,135.934022977182,144
"city",2016-08-16,2016,8,16,2,"Tue",77,10150000,24.7664880368467,31.6196056218104,0,0,0.033464263547414,0.033464263547414,-3.39727716932299,-3.39727716932299,-3.39727716932299,0,-3.39315364377426,1,134.612791391496,127
"city",2016-08-17,2016,8,17,3,"Wed",78,10150000,26.5475669443444,31.6196056218104,0,0,0.0331854933112692,0.0331854933112692,-3.40564244700523,-3.40564244700523,-3.45339867657034,0,-3.39315364377426,1,134.607161142346,132
"city",2016-08-18,2016,8,18,4,"Thu",79,10150000,25.8092293227854,31.6196056218104,0,0,0.0355654026284524,0.0355654026284524,-3.33638194994263,-3.33638194994263,-3.35939807366512,0,-3.39315364377426,1,134.653784009132,129
"city",2016-08-19,2016,8,19,5,"Fri",80,10150000,30.603387581268,31.6196056218104,0,0,0.0444051756897173,0.0444051756897173,-3.11439924674944,-3.11439924674944,-3.24928894814549,0,-3.39315364377426,1,133.462005579747,134
"city",2016-08-20,2016,8,20,6,"Sat",81,10150000,30.6619175338111,31.6196056218104,0,0,0.0387883627955466,0.0387883627955466,-3.24963500529012,-3.24963500529012,-3.40742336508458,0,-3.39315364377426,1,132.044720403033,128
"city",2016-08-21,2016,8,21,0,"Sun",82,10150000,28.6199124507178,31.6196056218104,0,0,0.038934997435653,0.038934997435653,-3.24586175581545,-3.24586175581545,-3.34344506964149,0,-3.39315364377426,1,132.047211614893,112
"city",2016-08-22,2016,8,22,1,"Mon",83,10150000,28.8027899219693,31.6196056218104,0,0,0.0369438267590448,0.0369438267590448,-3.29835671566627,-3.29835671566627,-3.40698298089874,0,-3.39315364377426,1,136.032938000122,136
"city",2016-08-23,2016,8,23,2,"Tue",84,10150000,26.3313448460818,31.6196056218104,0,0,0.0335225484402299,0.0335225484402299,-3.39553697880504,-3.39553697880504,-3.43606204405827,0,-3.39315364377426,1,134.613962656108,146
"city",2016-08-24,2016,8,24,3,"Wed",85,10150000,28.7186138075778,31.6196056218104,0,0,0.0335707635942418,0.0335707635942418,-3.39409972192056,-3.39409972192056,-3.51149842208308,0,-3.39315364377426,1,134.614930033807,127
"city",2016-08-25,2016,8,25,4,"Thu",86,10150000,27.8290541220686,31.6196056218104,0,0,0.0310724203431699,0.0310724203431699,-3.47143465892759,-3.47143465892759,-3.56689667299698,0,-3.39315364377426,1,134.562887910469,147
"city",2016-08-26,2016,8,26,5,"Fri",87,10150000,26.9395838123624,31.6196056218104,0,0,0.0277300980908965,0.0277300980908965,-3.58523688200418,-3.58523688200418,-3.65774851828212,0,-3.39315364377426,1,133.148180450873,137
"city",2016-08-27,2016,8,27,6,"Sat",88,10150000,27.8324119115845,31.6196056218104,0,0,0.0325494285943864,0.0325494285943864,-3.4249954651856,-3.4249954651856,-3.51603544496508,0,-3.39315364377426,1,131.928994030539,138
"city",2016-08-28,2016,8,28,0,"Sun",89,10150000,27.6203004401044,31.6196056218104,0,0,0.0385878583252795,0.0385878583252795,-3.2548176031515,-3.2548176031515,-3.32513791667994,0,-3.39315364377426,1,132.041298773938,149
"city",2016-08-29,2016,8,29,1,"Mon",90,10150000,28.5061221533956,31.6196056218104,0,0,0.0388604580302073,0.0388604580302073,-3.24777804842687,-3.24777804842687,-3.3423342385229,0,-3.39315364377426,1,136.067344174008,136
"city",2016-08-30,2016,8,30,2,"Tue",91,10150000,29.5886105324173,31.6196056218104,0,0,0.038663690267177,0.038663690267177,-3.25285435535554,-3.25285435535554,-3.379188961424,0,-3.39315364377426,1,134.710032287424,131
"city",2016-08-31,2016,8,31,3,"Wed",92,10150000,29.0516390205228,31.6196056218104,0,0,0.0387560763454768,0.0387560763454768,-3.25046772656048,-3.25046772656048,-3.36088772340504,0,-3.39315364377426,1,134.711639811226,132
"city",2017-06-01,2017,6,1,4,"Thu",1,10100000,22.7986330568244,31.6196056218104,0,0,0.0286638733723472,0.0286638733723472,-3.55211771664389,-3.55211771664389,-3.55211771664389,0,-3.39315364377426,1,131.195681548868,137
"city",2017-06-02,2017,6,2,5,"Fri",2,10100000,21.6636666448869,31.6196056218104,0,0,0.0336109392870529,0.0336109392870529,-3.39290369098127,-3.39290369098127,-3.39290369098127,0,-3.39315364377426,1,129.993705632613,138
"city",2017-06-03,2017,6,3,6,"Sat",3,10100000,21.2205301325948,31.6196056218104,0,0,0.032036891821082,0.032036891821082,-3.44086717081721,-3.44086717081721,-3.44086717081721,0,-3.39315364377426,1,128.669385792215,136
"city",2017-06-04,2017,6,4,0,"Sun",4,10100000,21.4349715663114,31.6196056218104,0,0,0.0275156545984254,0.0275156545984254,-3.593000178151,-3.593000178151,-3.593000178151,0,-3.39315364377426,1,128.571548704497,139
"city",2017-06-05,2017,6,5,1,"Mon",5,10100000,20.6829724480472,31.6196056218104,0,0,0.0282636421368048,0.0282636421368048,-3.56617903045447,-3.56617903045447,-3.56617903045447,0,-3.39315364377426,1,132.504903776493,122
"city",2017-06-06,2017,6,6,2,"Tue",6,10100000,22.29775275298,31.6196056218104,0,0,0.0310789294383536,0.0310789294383536,-3.47122519943136,-3.47122519943136,-3.47122519943136,0,-3.39315364377426,1,131.248756026104,122
"city",2017-06-07,2017,6,7,3,"Wed",7,10100000,23.8664888700502,31.6196056218104,0,0,0.0302221244298043,0.0302221244298043,-3.49918102580613,-3.49918102580613,-3.49918102580613,0,-3.39315364377426,1,131.23041147105,125
"city",2017-06-08,2017,6,8,4,"Thu",8,10100000,22.6737512224311,31.6196056218104,0,0,0.0293875744413714,0.0293875744413714,-3.52718333202272,-3.52718333202272,-3.52718333202272,0,-3.39315364377426,1,131.212038986425,125
"city",2017-06-09,2017,6,9,5,"Fri",9,10100000,21.7421168886917,31.6196056218104,0,0,0.0354416919974334,0.0354416919974334,-3.33986641179366,-3.33986641179366,-3.33986641179366,0,-3.39315364377426,1,130.028182766136,142
"city",2017-06-10,2017,6,10,6,"Sat",10,10100000,24.5415818412302,31.6196056218104,0,0,0.03926791809195,0.03926791809195,-3.23734742702676,-3.23734742702676,-3.23734742702676,0,-3.39315364377426,1,128.800386236003,111
"city",2017-06-11,2017,6,11,0,"Sun",11,10100000,23.0120037509247,31.6196056218104,0,0,0.0321980878083286,0.0321980878083286,-3.43584821302964,-3.43584821302964,-3.43584821302964,0,-3.39315364377426,1,128.672614763809,146
"city",2017-06-12,2017,6,12,1,"Mon",12,10100000,22.3955425054495,31.6196056218104,0,0,0.0320801442363455,0.0320801442363455,-3.4395179998485,-3.4395179998485,-3.4395179998485,0,-3.39315364377426,1,132.588846392697,135
"city",2017-06-13,2017,6,13,2,"Tue",13,10100000,21.39296400956,31.6196056218104,0,0,0.0305774473318609,0.0305774473318609,-3.48749255705176,-3.48749255705176,-3.48749255705176,0,-3.39315364377426,1,131.238081107984,118
"city",2017-06-14,2017,6,14,3,"Wed",14,10100000,23.3349813690896,31.6196056218104,0,0,0.0308247513455734,0.0308247513455734,-3.47943729661233,-3.47943729661233,-3.47943729661233,0,-3.39315364377426,1,131.243366999046,109
"city",2017-06-15,2017,6,15,4,"Thu",15,10100000,27.3756477448182,31.6196056218104,0,0,0.0379066160629925,0.0379066160629925,-3.27262961582281,-3.27262961582281,-3.33735061578344,0,-3.39315364377426,1,131.379147870005,112
"city",2017-06-16,2017,6,16,5,"Fri",16,10100000,24.3804589384614,31.6196056218104,0,0,0.0382424736814847,0.0382424736814847,-3.26380850456779,-3.26380850456779,-3.26380850456779,0,-3.39315364377426,1,130.077640526982,148
"city",2017-06-17,2017,6,17,6,"Sat",17,10100000,24.6036468534325,31.6196056218104,0,0,0.0410824047940943,0.0410824047940943,-3.19217535634365,-3.19217535634365,-3.19217535634365,0,-3.39315364377426,1,128.829480422246,131
"city",2017-06-18,2017,6,18,0,"Sun",18,10100000,25.1012157917897,31.6196056218104,0,0,0.0372190507703522,0.0372190507703522,-3.29093453130786,-3.29093453130786,-3.29365769769607,0,-3.39315364377426,1,128.765880660201,120
"city",2017-06-19,2017,6,19,1,"Mon",19,10100000,25.5284882857186,31.6196056218104,0,0,0.0368043145129756,0.0368043145129756,-3.30214019847916,-3.30214019847916,-3.31660370370333,0,-3.39315364377426,1,132.679951499681,137
"city",2017-06-20,2017,6,20,2,"Tue",20,10100000,23.7880211489014,31.6196056218104,0,0,0.0356992038054594,0.0356992038054594,-3.33262689281333,-3.33262689281333,-3.33262689281333,0,-3.39315364377426,1,131.339741825312,118
"city",2017-06-21,2017,6,21,3,"Wed",21,10100000,24.6872685415174,31.6196056218104,0,0,0.0385705997910306,0.0385705997910306,-3.25526495616913,-3.25526495616913,-3.25526495616913,0,-3.39315364377426,1,131.390555136148,134
"city",2017-06-22,2017,6,22,4,"Thu",22,10100000,23.0022901168263,31.6196056218104,0,0,0.0335443910504536,0.0335443910504536,-3.39488561134554,-3.39488561134554,-3.39488561134554,0,-3.39315364377426,1,131.298862968213,127
"city",2017-06-23,2017,6,23,5,"Fri",23,10100000,22.7750772690675,31.6196056218104,0,0,0.0305357910161766,0.0305357910161766,-3.48885580741327,-3.48885580741327,-3.48885580741327,0,-3.39315364377426,1,129.931354734669,136
"city",2017-06-24,2017,6,24,6,"Sat",24,10100000,24.1731414082413,31.6196056218104,0,0,0.0346876677231396,0.0346876677231396,-3.36137105222549,-3.36137105222549,-3.36137105222549,0,-3.39315364377426,1,128.720539541613,120
"city",2017-06-25,2017,6,25,0,"Sun",25,10100000,21.1424695790989,31.6196056218104,0,0,0.0365448984726347,0.0365448984726347,-3.30921367920018,-3.30921367920018,-3.30921367920018,0,-3.39315364377426,1,128.754112545106,126
"city",2017-06-26,2017,6,26,1,"Mon",26,10100000,21.6233696021436,31.6196056218104,0,0,0.0380789408504643,0.0380789408504643,-3.26809388324661,-3.26809388324661,-3.26809388324661,0,-3.39315364377426,1,132.702539739511,139
"city",2017-06-27,2017,6,27,2,"Tue",27,10100000,22.6392708166025,31.6196056218104,0,0,0.0372774608101209,0.0372774608101209,-3.28936640280093,-3.28936640280093,-3.28936640280093,0,-3.39315364377426,1,131.36815400596,124
"city",2017-06-28,2017,6,28,3,"Wed",28,10100000,23.2798957204227,31.6196056218104,0,0,0.0320285442350956,0.0320285442350956,-3.4411277664378,-3.4411277664378,-3.4411277664378,0,-3.39315364377426,1,131.268508765533,134
"city",2017-06-29,2017,6,29,4,"Thu",29,10100000,21.4114091147519,31.6196056218104,0,0,0.0397104219445083,0.0397104219445083,-3.22614160824677,-3.22614160824677,-3.22614160824677,0,-3.39315364377426,1,131.409689193488,131
"city",2017-06-30,2017,6,30,5,"Fri",30,10100000,22.4283086572841,31.6196056218104,0,0,0.0402515217597393,0.0402515217597393,-3.21260746813687,-3.21260746813687,-3.21260746813687,0,-3.39315364377426,1,130.11094533996,133
"city",2017-07-01,2017,7,1,6,"Sat",31,10100000,24.0602715344289,31.6196056218104,0,0,0.0404659983172913,0.0404659983172913,-3.20729320520841,-3.20729320520841,-3.20729320520841,0,-3.39315364377426,1,130.114402604759,131
"city",2017-07-02,2017,7,2,0,"Sun",32,10100000,25.9571873603881,31.6196056218104,0,0,0.0422896286211194,0.0422896286211194,-3.16321340925492,-3.16321340925492,-3.18610758467977,0,-3.39315364377426,1,130.143082846778,122
"city",2017-07-03,2017,7,3,1,"Mon",33,10100000,26.7555571769156,31.6196056218104,0,0,0.0448422547215505,0.0448422547215505,-3.10460439833249,-3.10460439833249,-3.14454097116788,0,-3.39315364377426,1,134.145834796283,130
"city",2017-07-04,2017,7,4,2,"Tue",34,10100000,27.2951833074006,31.6196056218104,0,0,0.0430870155233371,0.0430870155233371,-3.14453359122123,-3.14453359122123,-3.19927340839874,0,-3.39315364377426,1,132.784548892403,119
"city",2017-07-05,2017,7,5,3,"Wed",35,10100000,26.6039211739764,31.6196056218104,0,0,0.0509139611020938,0.0509139611020938,-2.97761810812146,-2.97761810812146,-3.00962756900972,0,-3.39315364377426,1,132.895414134415,110
"city",2017-07-06,2017,7,6,4,"Thu",36,10100000,25.5326389123663,31.6196056218104,0,0,0.0463901813155741,0.0463901813155741,-3.07066745172054,-3.07066745172054,-3.08221559210285,0,-3.39315364377426,1,132.833599359828,134
"city",2017-07-07,2017,7,7,5,"Fri",37,10100000,24.4694657659792,31.6196056218104,0,0,0.0473947267792974,0.0473947267792974,-3.04924430585169,-3.04924430585169,-3.04924430585169,0,-3.39315364377426,1,131.525970708258,125
"city",2017-07-08,2017,7,8,6,"Sat",38,10100000,25.6936117776098,31.6196056218104,0,0,0.0417862142450205,0.0417862142450205,-3.17518879659902,-3.17518879659902,-3.19192716230732,0,-3.39315364377426,1,130.135290510935,133
"city",2017-07-09,2017,7,9,0,"Sun",39,10100000,25.5727430891126,31.6196056218104,0,0,0.0389124237436108,0.0389124237436108,-3.2464417029051,-3.2464417029051,-3.26126987070297,0,-3.39315364377426,1,130.088936180318,135
"city",2017-07-10,2017,7,10,1,"Mon",40,10100000,24.8697085668403,31.6196056218104,0,0,0.0389316205235879,0.0389316205235879,-3.24594849162485,-3.24594849162485,-3.24594849162485,0,-3.39315364377426,1,134.051064681276,127
"city",2017-07-11,2017,7,11,2,"Tue",41,10100000,24.4284401599044,31.6196056218104,0,0,0.0423510494445835,0.0423510494445835,-3.16176207791758,-3.16176207791758,-3.16176207791758,0,-3.39315364377426,1,132.773111000884,123
"city",2017-07-12,2017,7,12,3,"Wed",42,10100000,25.5229230283258,31.6196056218104,0,0,0.0383872007561265,0.0383872007561265,-3.26003118859233,-3.26003118859233,-3.27374715152761,0,-3.39315364377426,1,132.707889547634,153
"city",2017-07-13,2017,7,13,4,"Thu",43,10100000,25.6490144164465,31.6196056218104,0,0,0.0341593869184705,0.0341593869184705,-3.37671785757439,-3.37671785757439,-3.39590026114955,0,-3.39315364377426,1,132.630485921863,115
"city",2017-07-14,2017,7,14,5,"Fri",44,10100000,26.0840132629343,31.6196056218104,0,0,0.0372073455981338,0.0372073455981338,-3.29124907488073,-3.29124907488073,-3.32081629734662,0,-3.39315364377426,1,131.366917396002,141
"city",2017-07-15,2017,7,15,6,"Sat",45,10100000,26.3595572522669,31.6196056218104,0,0,0.0377225087073505,0.0377225087073505,-3.27749831475005,-3.27749831475005,-3.31420483983511,0,-3.39315364377426,1,130.068737140661,136
"city",2017-07-16,2017,7,16,0,"Sun",46,10100000,25.8016603539961,31.6196056218104,0,0,0.0442467840658378,0.0442467840658378,-3.1179725866475,-3.1179725866475,-3.13625666114429,0,-3.39315364377426,1,130.172525077253,126
"city",2017-07-17,2017,7,17,1,"Mon",47,10100000,28.0164977204944,31.6196056218104,0,0,0.0445908909756893,0.0445908909756893,-3.11022567902883,-3.11022567902883,-3.18027084799172,0,-3.39315364377426,1,134.14206449231,127
"city",2017-07-18,2017,7,18,2,"Tue",48,10100000,27.5233863766715,31.6196056218104,0,0,0.0447217597228925,0.0447217597228925,-3.10729510111313,-3.10729510111313,-3.16537360498118,0,-3.39315364377426,1,132.809274674761,125
"city",2017-07-19,2017,7,19,3,"Wed",49,10100000,28.2327113944194,31.6196056218104,0,0,0.0437972784260124,0.0437972784260124,-3.12818359992269,-3.12818359992269,-3.2048603266398,0,-3.39315364377426,1,132.795404467214,139
"city",2017-07-20,2017,7,20,4,"Thu",50,10100000,29.5236442586801,31.6196056218104,0,0,0.0431661054528893,0.0431661054528893,-3.14269968768654,-3.14269968768654,-3.25340357616398,0,-3.39315364377426,1,132.785766468253,136
"city",2017-07-21,2017,7,21,5,"Fri",51,10100000,27.7720962635252,31.6196056218104,0,0,0.039461342121781,0.039461342121781,-3.23243376675672,-3.23243376675672,-3.30527159524822,0,-3.39315364377426,1,131.40555500555,131
"city",2017-07-22,2017,7,22,6,"Sat",52,10100000,28.0409149760266,31.6196056218104,0,0,0.0410672950564536,0.0410672950564536,-3.19254321496854,-3.19254321496854,-3.26947514746707,0,-3.39315364377426,1,130.12399888946,158
"city",2017-07-23,2017,7,23,0,"Sun",53,10100000,25.4257409644939,31.6196056218104,0,0,0.0434895508453374,0.0434895508453374,-3.13523458019466,-3.13523458019466,-3.14507231253809,0,-3.39315364377426,1,130.161290375653,134
"city",2017-07-24,2017,7,24,1,"Mon",54,10100000,25.9481824106468,31.6196056218104,0,0,0.0399004379524108,0.0399004379524108,-3.22136797889566,-3.22136797889566,-3.24541859969596,0,-3.39315364377426,1,134.06754091325,110
"city",2017-07-25,2017,7,25,2,"Tue",55,10100000,28.6445875085263,31.6196056218104,0,0,0.0399721932810835,0.0399721932810835,-3.21957123458241,-3.21957123458241,-3.3151773371349,0,-3.39315364377426,1,132.734739038904,147
"city",2017-07-26,2017,7,26,3,"Wed",56,10100000,29.2842593420117,31.6196056218104,0,0,0.0429356610871056,0.0429356610871056,-3.14805253758236,-3.14805253758236,-3.25317223694546,0,-3.39315364377426,1,132.782212604431,149
"city",2017-07-27,2017,7,27,4,"Thu",57,10100000,29.3195802815847,31.6196056218104,0,0,0.0415170181497861,0.0415170181497861,-3.18165185990517,-3.18165185990517,-3.29151539458571,0,-3.39315364377426,1,132.759907516273,151
"city",2017-07-28,2017,7,28,5,"Fri",58,10100000,29.3345754812847,31.6196056218104,0,0,0.0396813869918953,0.0396813869918953,-3.22687304274351,-3.22687304274351,-3.34254708842726,0,-3.39315364377426,1,131.409208606468,170
"city",2017-07-29,2017,7,29,6,"Sat",59,10100000,30.6866450541004,31.6196056218104,0,0,0.0415150355067588,0.0415150355067588,-3.18169961599309,-3.18169961599309,-3.32901467045329,0,-3.39315364377426,1,130.131054143024,100
"city",2017-07-30,2017,7,30,0,"Sun",60,10100000,33.4715230822926,31.6196056218104,1,1,0.0354432318536239,0.0454432318536239,-3.33982296514501,-3.09129138355914,-3.33982296514501,1e-05,-3.39315364377426,1,154.173898870153,155
"city",2017-07-31,2017,7,31,1,"Mon",61,10100000,33.6891019519945,31.6196056218104,1,1,0.0324942861520039,0.0424942861520039,-3.42669101581053,-3.15838565557236,-3.42669101581053,1e-05,-3.39315364377426,1,158.709385345066,166
"city",2017-08-01,2017,8,1,2,"Tue",62,10100000,29.5120109491651,31.6196056218104,0,0,0.0306982223443482,0.0306982223443482,-3.48355053015839,-3.48355053015839,-3.642522289377,0,-3.39315364377426,1,133.891905210353,126
"city",2017-08-02,2017,8,2,3,"Wed",63,10100000,28.7919724407051,31.6196056218104,0,0,0.0347605928347345,0.0347605928347345,-3.35927092364596,-3.35927092364596,-3.4747808325172,0,-3.39315364377426,1,133.975131232392,121
"city",2017-08-03,2017,8,3,4,"Thu",64,10100000,30.2409636723952,31.6196056218104,0,0,0.0373022636678868,0.0373022636678868,-3.28870126602672,-3.28870126602672,-3.44010558379276,0,-3.39315364377426,1,134.022412469156,138
"city",2017-08-04,2017,8,4,5,"Fri",65,10100000,31.4607225709885,31.6196056218104,0,0,0.0430786297648292,0.0430786297648292,-3.14472823395863,-3.14472823395863,-3.3072178906359,0,-3.39315364377426,1,132.784419664726,135
"city",2017-08-05,2017,8,5,6,"Sat",66,10100000,31.8831992554059,31.6196056218104,1,1,0.0336371057413765,0.0436371057413765,-3.39212548380415,-3.13184744144997,-3.39212548380415,1e-05,-3.39315364377426,1,155.62866823138,154
"city",2017-08-06,2017,8,6,0,"Sun",67,10100000,32.5485390246124,31.6196056218104,1,1,0.036569349023468,0.046569349023468,-3.30854484781418,-3.06681270053803,-3.30854484781418,1e-05,-3.39315364377426,1,155.780561358564,162
"city",2017-08-07,2017,8,7,1,"Mon",68,10100000,32.2309513757392,31.6196056218104,1,1,0.0344594363470874,0.0444594363470874,-3.36797240474603,-3.11317804827977,-3.36797240474603,1e-05,-3.39315364377426,1,160.413182754404,161
"city",2017-08-08,2017,8,8,2,"Tue",69,10100000,33.5860050613924,31.6196056218104,1,1,0.0299612403773665,0.0399612403773665,-3.50785072007642,-3.21984528520889,-3.50785072007642,1e-05,-3.39315364377426,1,158.563139466408,135
"city",2017-08-09,2017,8,9,3,"Wed",70,10100000,30.5017423347762,31.6196056218104,0,0,0.0383459173271574,0.0383459173271574,-3.2611072150587,-3.2611072150587,-3.41598087116351,0,-3.39315364377426,1,134.040904851229,123
"city",2017-08-10,2017,8,10,4,"Thu",71,10100000,30.9737865888727,31.6196056218104,0,0,0.0403407530371165,0.0403407530371165,-3.21039307937407,-3.21039307937407,-3.3706594536321,0,-3.39315364377426,1,134.07489800406,140
"city",2017-08-11,2017,8,11,5,"Fri",72,10100000,30.4739493589077,31.6196056218104,0,0,0.0395016853860766,0.0395016853860766,-3.23141193998337,-3.23141193998337,-3.38057932141684,0,-3.39315364377426,1,132.726880906814,133
"city",2017-08-12,2017,8,12,6,"Sat",73,10100000,27.9945421291915,31.6196056218104,0,0,0.0391521895899502,0.0391521895899502,-3.24029892988574,-3.24029892988574,-3.31986680473503,0,-3.39315364377426,1,131.400387476529,132
"city",2017-08-13,2017,8,13,0,"Sun",74,10100000,26.2753307059391,31.6196056218104,0,0,0.0351396774403448,0.0351396774403448,-3.34842437553837,-3.34842437553837,-3.38539253678907,0,-3.39315364377426,1,131.329368048503,118
"city",2017-08-14,2017,8,14,1,"Mon",75,10100000,27.2687276691053,31.6196056218104,0,0,0.0323273574121105,0.0323273574121105,-3.43184142853447,-3.43184142853447,-3.50460547976132,0,-3.39315364377426,1,135.272510808168,132
"city",2017-08-15,2017,8,15,2,"Tue",76,10100000,27.3603140259956,31.6196056218104,0,0,0.035033768836933,0.035033768836933,-3.35144285872378,-3.35144285872378,-3.42119231023236,0,-3.39315364377426,1,133.980375165142,127
"city",2017-08-16,2017,8,16,3,"Wed",77,10100000,27.1423479797369,31.6196056218104,0,0,0.0341763744670499,0.0341763744670499,-3.37622067868635,-3.37622067868635,-3.44095661338637,0,-3.39315364377426,1,133.963777485227,125
"city",2017-08-17,2017,8,17,4,"Thu",78,10100000,25.8384313640625,31.6196056218104,0,0,0.0320665501339326,0.0320665501339326,-3.43994184406214,-3.43994184406214,-3.46643634741795,0,-3.39315364377426,1,133.921102643718,127
"city",2017-08-18,2017,8,18,5,"Fri",79,10100000,26.3209299331105,31.6196056218104,0,0,0.0324439314206098,0.0324439314206098,-3.42824186655356,-3.42824186655356,-3.46980813549574,0,-3.39315364377426,1,132.596322050963,146
"city",2017-08-19,2017,8,19,6,"Sat",80,10100000,27.8978567412818,31.6196056218104,0,0,0.0309507174899967,0.0309507174899967,-3.47535909789094,-3.47535909789094,-3.57366466473734,0,-3.39315364377426,1,131.246043208988,153
"city",2017-08-20,2017,8,20,0,"Sun",81,10100000,31.1823831700366,31.6196056218104,0,0,0.041502804159533,0.041502804159533,-3.18199428391901,-3.18199428391901,-3.3432939840225,0,-3.39315364377426,1,131.438699326013,124
"city",2017-08-21,2017,8,21,1,"Mon",82,10100000,28.3953674414265,31.6196056218104,0,0,0.0443576434172391,0.0443576434172391,-3.11547024195891,-3.11547024195891,-3.19510373397887,0,-3.39315364377426,1,135.486661765271,137
"city",2017-08-22,2017,8,22,2,"Tue",83,10100000,29.5804388658139,31.6196056218104,0,0,0.0454394854889858,0.0454394854889858,-3.09137382749897,-3.09137382749897,-3.1976270226311,0,-3.39315364377426,1,134.154709219661,130
"city",2017-08-23,2017,8,23,3,"Wed",84,10100000,29.8267591789625,31.6196056218104,0,0,0.0449515880714712,0.0449515880714712,-3.10216918895619,-3.10216918895619,-3.2157599619022,0,-3.39315364377426,1,134.147468172201,145
"city",2017-08-24,2017,8,24,4,"Thu",85,10100000,30.3849938892528,31.6196056218104,0,0,0.0433449636949419,0.0433449636949419,-3.13856476024541,-3.13856476024541,-3.27122310066514,0,-3.39315364377426,1,134.12305852457,121
"city",2017-08-25,2017,8,25,5,"Fri",86,10100000,29.1998441733646,31.6196056218104,0,0,0.0403125990501617,0.0403125990501617,-3.21109122737089,-3.21109122737089,-3.32110915535946,0,-3.39315364377426,1,132.74036711594,109
"city",2017-08-26,2017,8,26,6,"Sat",87,10100000,29.5975160202164,31.6196056218104,0,0,0.0356059295164392,0.0356059295164392,-3.3352430955431,-3.3352430955431,-3.47349670821619,0,-3.39315364377426,1,131.338023779593,116
"city",2017-08-27,2017,8,27,0,"Sun",88,10100000,27.0569040117618,31.6196056218104,0,0,0.0317356601260299,0.0317356601260299,-3.45031430524169,-3.45031430524169,-3.51732377145783,0,-3.39315364377426,1,131.26247938776,138
"city",2017-08-28,2017,8,28,1,"Mon",89,10100000,28.5586595866582,31.6196056218104,0,0,0.0373686521045177,0.0373686521045177,-3.28692310505369,-3.28692310505369,-3.386998883562,0,-3.39315364377426,1,135.37056365541,142
"city",2017-08-29,2017,8,29,2,"Tue",90,10100000,29.4363649806478,31.6196056218104,0,0,0.0401140153941654,0.0401140153941654,-3.21602949465794,-3.21602949465794,-3.33323082507772,0,-3.39315364377426,1,134.071119548281,125
"city",2017-08-30,2017,8,30,3,"Wed",91,10100000,30.056326634272,31.6196056218104,0,0,0.0399662541117464,0.0399662541117464,-3.21971982814512,-3.21971982814512,-3.35498403528143,0,-3.39315364377426,1,134.068645735393,115
"city",2017-08-31,2017,8,31,4,"Thu",92,10100000,28.1908726728133,31.6196056218104,0,0,0.0344662167951227,0.0344662167951227,-3.36777565802698,-3.36777565802698,-3.46492521957828,0,-3.39315364377426,1,133.969434238998,129
"city",2018-06-01,2018,6,1,5,"Fri",1,10050000,20.3394978035362,31.6196056218104,0,0,0.0375909232354858,0.0375909232354858,-3.28099266104031,-3.28099266104031,-3.28099266104031,0,-3.39315364377426,1,129.422571245188,135
"city",2018-06-02,2018,6,2,6,"Sat",2,10050000,21.8417097504774,31.6196056218104,0,0,0.0385490817139287,0.0385490817139287,-3.25582299990687,-3.25582299990687,-3.25582299990687,0,-3.39315364377426,1,128.150921706283,112
"city",2018-06-03,2018,6,3,0,"Sun",3,10050000,21.7592667455216,31.6196056218104,0,0,0.0377821493452644,0.0377821493452644,-3.27591852744008,-3.27591852744008,-3.27591852744008,0,-3.39315364377426,1,128.138046051274,135
"city",2018-06-04,2018,6,4,1,"Mon",4,10050000,21.6380045768852,31.6196056218104,0,0,0.0379092867076256,0.0379092867076256,-3.27255916504569,-3.27255916504569,-3.27255916504569,0,-3.39315364377426,1,132.042648402391,110
"city",2018-06-05,2018,6,5,2,"Tue",5,10050000,19.0060260750302,31.6196056218104,0,0,0.0354607196966318,0.0354607196966318,-3.33932968252873,-3.33932968252873,-3.33932968252873,0,-3.39315364377426,1,130.685165234302,133
"city",2018-06-06,2018,6,6,3,"Wed",6,10050000,22.5204163999579,31.6196056218104,0,0,0.0322726187016115,0.0322726187016115,-3.43353612648617,-3.43353612648617,-3.43353612648617,0,-3.39315364377426,1,130.623622806199,114
"city",2018-06-07,2018,6,7,4,"Thu",7,10050000,21.0177277129854,31.6196056218104,0,0,0.0363355305944181,0.0363355305944181,-3.31495921217392,-3.31495921217392,-3.31495921217392,0,-3.39315364377426,1,130.701090499273,129
"city",2018-06-08,2018,6,8,5,"Fri",8,10050000,21.5091359034606,31.6196056218104,0,0,0.0363190087733397,0.0363190087733397,-3.3154140171044,-3.3154140171044,-3.3154140171044,0,-3.39315364377426,1,129.400298659837,135
"city",2018-06-09,2018,6,9,6,"Sat",9,10050000,22.5501322113266,31.6196056218104,0,0,0.0346522699026823,0.0346522699026823,-3.36239204603496,-3.36239204603496,-3.36239204603496,0,-3.39315364377426,1,128.082655288183,130
"city",2018-06-10,2018,6,10,0,"Sun",10,10050000,23.7866919214858,31.6196056218104,0,0,0.0353144896861024,0.0353144896861024,-3.34346192656964,-3.34346192656964,-3.34346192656964,0,-3.39315364377426,1,128.094778961761,111
"city",2018-06-11,2018,6,11,1,"Mon",11,10050000,21.9839597585278,31.6196056218104,0,0,0.0303682838147244,0.0303682838147244,-3.49435651074988,-3.49435651074988,-3.49435651074988,0,-3.39315364377426,1,131.896296024136,134
"city",2018-06-12,2018,6,12,2,"Tue",12,10050000,24.1482467252043,31.6196056218104,0,0,0.0299975539821171,0.0299975539821171,-3.50663943457348,-3.50663943457348,-3.50663943457348,0,-3.39315364377426,1,130.57588643624,130
"city",2018-06-13,2018,6,13,3,"Wed",13,10050000,24.1931268911014,31.6196056218104,0,0,0.0336763123691215,0.0336763123691215,-3.39096058583049,-3.39096058583049,-3.39096058583049,0,-3.39315364377426,1,130.651432622956,127
"city",2018-06-14,2018,6,14,4,"Thu",14,10050000,25.3991603788413,31.6196056218104,0,0,0.0352627802210919,0.0352627802210919,-3.34492725596906,-3.34492725596906,-3.35631140485921,0,-3.39315364377426,1,130.681507686436,149
"city",2018-06-15,2018,6,15,5,"Fri",15,10050000,25.4214248909792,31.6196056218104,0,0,0.034745011293805,0.034745011293805,-3.35971927716755,-3.35971927716755,-3.37192251090517,0,-3.39315364377426,1,129.371636265269,130
"city",2018-06-16,2018,6,16,6,"Sat",16,10050000,28.3137359510234,31.6196056218104,0,0,0.0352980425476695,0.0352980425476695,-3.34392776848778,-3.34392776848778,-3.44250991533188,0,-3.39315364377426,1,128.09448060252,115
"city",2018-06-17,2018,6,17,0,"Sun",17,10050000,26.5626263275128,31.6196056218104,0,0,0.0348465998325691,0.0348465998325691,-3.35679971231539,-3.35679971231539,-3.4026792739707,0,-3.39315364377426,1,128.086236743015,109
"city",2018-06-18,2018,6,18,1,"Mon",18,10050000,24.9769293209897,31.6196056218104,0,0,0.0359206977318065,0.0359206977318065,-3.32644161113193,-3.32644161113193,-3.32644161113193,0,-3.39315364377426,1,132.007079289565,143
"city",2018-06-19,2018,6,19,2,"Tue",19,10050000,23.2476968183911,31.6196056218104,0,0,0.0358757133755968,0.0358757133755968,-3.327694720066,-3.327694720066,-3.327694720066,0,-3.39315364377426,1,130.692768040405,169
"city",2018-06-20,2018,6,20,3,"Wed",20,10050000,24.6219136076811,31.6196056218104,0,0,0.0318195330684747,0.0318195330684747,-3.44767493033243,-3.44767493033243,-3.44767493033243,0,-3.39315364377426,1,130.614388823694,133
"city",2018-06-21,2018,6,21,4,"Thu",21,10050000,24.5704038814337,31.6196056218104,0,0,0.0363084080074561,0.0363084080074561,-3.31570593898263,-3.31570593898263,-3.31570593898263,0,-3.39315364377426,1,130.700602510143,116
"city",2018-06-22,2018,6,22,5,"Fri",22,10050000,25.8893753419609,31.6196056218104,0,0,0.0365069521868323,0.0365069521868323,-3.31025256565885,-3.31025256565885,-3.33491603137198,0,-3.39315364377426,1,129.403638169721,121
"city",2018-06-23,2018,6,23,6,"Sat",23,10050000,26.4206880429992,31.6196056218104,0,0,0.0370887544023795,0.0370887544023795,-3.29444147115647,-3.29444147115647,-3.33349949023741,0,-3.39315364377426,1,128.126179131734,121
"city",2018-06-24,2018,6,24,0,"Sun",24,10050000,26.314523297633,31.6196056218104,0,0,0.0378590038686315,0.0378590038686315,-3.27388644446544,-3.27388644446544,-3.30922511455896,0,-3.39315364377426,1,128.139347993597,135
"city",2018-06-25,2018,6,25,1,"Mon",25,10050000,28.4955211898911,31.6196056218104,0,0,0.0379189095437596,0.0379189095437596,-3.27230535876619,-3.27230535876619,-3.3690190516182,0,-3.39315364377426,1,132.042815968764,142
"city",2018-06-26,2018,6,26,2,"Tue",26,10050000,29.2878913249103,31.6196056218104,0,0,0.035344861415907,0.035344861415907,-3.34260226026358,-3.34260226026358,-3.4719320162132,0,-3.39315364377426,1,130.683026864987,157
"city",2018-06-27,2018,6,27,3,"Wed",27,10050000,28.2779954039015,31.6196056218104,0,0,0.0357280091213721,0.0357280091213721,-3.33182032858399,-3.33182032858399,-3.42805441310576,0,-3.39315364377426,1,130.690072132226,122
"city",2018-06-28,2018,6,28,4,"Thu",28,10050000,27.6146765960675,31.6196056218104,0,0,0.0354798912118239,0.0354798912118239,-3.33878918772855,-3.33878918772855,-3.4153404870656,0,-3.39315364377426,1,130.68551840804,118
"city",2018-06-29,2018,6,29,5,"Fri",29,10050000,31.2308307719155,31.6196056218104,0,0,0.0384106444510886,0.0384106444510886,-3.25942065855397,-3.25942065855397,-3.43641592739199,0,-3.39315364377426,1,129.436531518196,135
"city",2018-06-30,2018,6,30,6,"Sat",30,10050000,30.5287171271886,31.6196056218104,0,0,0.0372361162039097,0.0372361162039097,-3.29047612299182,-3.29047612299182,-3.45120521597434,0,-3.39315364377426,1,128.128719481463,131
"city",2018-07-01,2018,7,1,0,"Sun",31,10050000,32.8619890624165,31.6196056218104,1,0,0.0403193030309557,0.0403193030309557,-3.21092494130703,-3.21092494130703,-3.42782946928633,0,-3.39315364377426,1,129.467920910839,117
"city",2018-07-02,2018,7,2,1,"Mon",32,10050000,31.2111894547174,31.6196056218104,0,0,0.0379825193857717,0.0379825193857717,-3.27062924125955,-3.27062924125955,-3.44919097035388,0,-3.39315364377426,1,133.370986054053,141
"city",2018-07-03,2018,7,3,2,"Tue",33,10050000,29.2434895436412,31.6196056218104,0,0,0.0367248649261469,0.0367248649261469,-3.30430123490998,-3.30430123490998,-3.42708841906471,0,-3.39315364377426,1,132.021693530459,135
"city",2018-07-04,2018,7,4,3,"Wed",34,10050000,30.786403000155,31.6196056218104,0,0,0.0378664530237148,0.0378664530237148,-3.27368970335848,-3.27368970335848,-3.43952093664714,0,-3.39315364377426,1,132.041902008136,109
"city",2018-07-05,2018,7,5,4,"Thu",35,10050000,30.4818374537151,31.6196056218104,0,0,0.0401296266889471,0.0401296266889471,-3.21564039728964,-3.21564039728964,-3.36252135811672,0,-3.39315364377426,1,132.080232274398,136
"city",2018-07-06,2018,7,6,5,"Fri",36,10050000,30.7523253639456,31.6196056218104,0,0,0.0401754110406776,0.0401754110406776,-3.2145001361557,-3.2145001361557,-3.36902784443267,0,-3.39315364377426,1,130.76675754395,122
"city",2018-07-07,2018,7,7,6,"Sat",37,10050000,26.6023248869919,31.6196056218104,0,0,0.0401887936891679,0.0401887936891679,-3.2141670861701,-3.2141670861701,-3.2548536131345,0,-3.39315364377426,1,129.465822159077,137
"city",2018-07-08,2018,7,8,0,"Sun",38,10050000,25.3719010824914,31.6196056218104,0,0,0.0362011435141602,0.0362011435141602,-3.31866457186037,-3.31866457186037,-3.32899089129743,0,-3.39315364377426,1,129.398195563146,116
"city",2018-07-09,2018,7,9,1,"Mon",39,10050000,28.2606590709748,31.6196056218104,0,0,0.0397957853902651,0.0397957853902651,-3.22399426701594,-3.22399426701594,-3.30948111625786,0,-3.39315364377426,1,133.402088442557,129
"city",2018-07-10,2018,7,10,2,"Tue",40,10050000,29.6998975827119,31.6196056218104,0,0,0.0470019423798955,0.0470019423798955,-3.05756635089421,-3.05756635089421,-3.16291985373931,0,-3.39315364377426,1,132.184665823368,147
"city",2018-07-11,2018,7,11,3,"Wed",41,10050000,30.213345654309,31.6196056218104,0,0,0.0448819289532977,0.0448819289532977,-3.1037200384485,-3.1037200384485,-3.22719575724412,0,-3.39315364377426,1,132.154165293953,128
"city",2018-07-12,2018,7,12,4,"Thu",42,10050000,29.4245052974736,31.6196056218104,0,0,0.0404175954864137,0.0404175954864137,-3.20849005698957,-3.20849005698957,-3.32442829814482,0,-3.39315364377426,1,132.084954451849,130
"city",2018-07-13,2018,7,13,5,"Fri",43,10050000,27.7992860483164,31.6196056218104,0,0,0.0301621032367163,0.0301621032367163,-3.50116900230843,-3.50116900230843,-3.59857022411629,0,-3.39315364377426,1,130.579458017796,128
"city",2018-07-14,2018,7,14,6,"Sat",44,10050000,27.1112992753368,31.6196056218104,0,0,0.0316904663999042,0.0316904663999042,-3.45173938781411,-3.45173938781411,-3.52068497880423,0,-3.39315364377426,1,129.312125995255,128
"city",2018-07-15,2018,7,15,0,"Sun",45,10050000,25.8358810171015,31.6196056218104,0,0,0.0315865929861398,0.0315865929861398,-3.45502252100886,-3.45502252100886,-3.48184213153299,0,-3.39315364377426,1,129.310003268011,120
"city",2018-07-16,2018,7,16,1,"Mon",46,10050000,27.7711278905573,31.6196056218104,0,0,0.0389652020079017,0.0389652020079017,-3.24508628735765,-3.24508628735765,-3.31885987196636,0,-3.39315364377426,1,133.388020586554,143
"city",2018-07-17,2018,7,17,2,"Tue",47,10050000,26.9853033942988,31.6196056218104,0,0,0.0414417648666949,0.0414417648666949,-3.18346609345575,-3.18346609345575,-3.23255745619481,0,-3.39315364377426,1,132.101481931203,144
"city",2018-07-18,2018,7,18,3,"Wed",48,10050000,24.889927204444,31.6196056218104,0,0,0.0355656142036769,0.0355656142036769,-3.33637600105468,-3.33637600105468,-3.33637600105468,0,-3.39315364377426,1,132.000522403422,132
"city",2018-07-19,2018,7,19,4,"Thu",49,10050000,25.5713837336251,31.6196056218104,0,0,0.0370420215389976,0.0370420215389976,-3.29570229350668,-3.29570229350668,-3.31124778582057,0,-3.39315364377426,1,132.027369886518,138
"city",2018-07-20,2018,7,20,5,"Fri",50,10050000,26.1297251703247,31.6196056218104,0,0,0.0365617016457333,0.0365617016457333,-3.30875398955883,-3.30875398955883,-3.34014057629777,0,-3.39315364377426,1,130.705145708995,112
"city",2018-07-21,2018,7,21,6,"Sat",51,10050000,28.8919169809368,31.6196056218104,0,0,0.0377545246088273,0.0377545246088273,-3.27664995328192,-3.27664995328192,-3.38544389319604,0,-3.39315364377426,1,129.42538149772,114
"city",2018-07-22,2018,7,22,0,"Sun",52,10050000,29.2936311034371,31.6196056218104,0,0,0.0383198297428894,0.0383198297428894,-3.26178776892459,-3.26178776892459,-3.38062450286665,0,-3.39315364377426,1,129.434999574481,108
"city",2018-07-23,2018,7,23,1,"Mon",53,10050000,26.3069485399795,31.6196056218104,0,0,0.0329173214440505,0.0329173214440505,-3.4137562720957,-3.4137562720957,-3.45426995579569,0,-3.39315364377426,1,133.275575231626,139
"city",2018-07-24,2018,7,24,2,"Tue",54,10050000,23.6820470468626,31.6196056218104,0,0,0.0308482386857191,0.0308482386857191,-3.47867562310601,-3.47867562310601,-3.47867562310601,0,-3.39315364377426,1,131.906637684539,142
"city",2018-07-25,2018,7,25,3,"Wed",55,10050000,25.4329768176375,31.6196056218104,0,0,0.0308632864167954,0.0308632864167954,-3.47818794332984,-3.47818794332984,-3.49231614098246,0,-3.39315364377426,1,131.906959325929,155
"city",2018-07-26,2018,7,26,4,"Thu",56,10050000,24.5053576744362,31.6196056218104,0,0,0.0339867895915761,0.0339867895915761,-3.38178337129199,-3.38178337129199,-3.38178337129199,0,-3.39315364377426,1,131.970556822234,122
"city",2018-07-27,2018,7,27,5,"Fri",57,10050000,28.4823868746501,31.6196056218104,0,0,0.0370801181134386,0.0370801181134386,-3.29467435292174,-3.29467435292174,-3.39329673694784,0,-3.39315364377426,1,130.714347437674,144
"city",2018-07-28,2018,7,28,6,"Sat",58,10050000,27.4768242761587,31.6196056218104,0,0,0.0348666901394612,0.0348666901394612,-3.35622334280375,-3.35622334280375,-3.42990968710718,0,-3.39315364377426,1,129.373897658778,113
"city",2018-07-29,2018,7,29,0,"Sun",59,10050000,29.8153273990289,31.6196056218104,0,0,0.0335792087240449,0.0335792087240449,-3.39384819151613,-3.39384819151613,-3.54863479956684,0,-3.39315364377426,1,129.349561581319,140
"city",2018-07-30,2018,7,30,1,"Mon",60,10050000,27.361003828789,31.6196056218104,0,0,0.0339666019570245,0.0339666019570245,-3.38237753251589,-3.38237753251589,-3.45442101812271,0,-3.39315364377426,1,133.296486969881,144
"city",2018-07-31,2018,7,31,2,"Tue",61,10050000,27.3954077564762,31.6196056218104,0,0,0.0391343563491032,0.0391343563491032,-3.24075451879803,-3.24075451879803,-3.30391781711616,0,-3.39315364377426,1,132.063647920662,121
"city",2018-08-01,2018,8,1,3,"Wed",62,10050000,26.3873093273557,31.6196056218104,0,0,0.0330489830675256,0.0330489830675256,-3.40976448267294,-3.40976448267294,-3.4526483598442,0,-3.39315364377426,1,133.27823529833,148
"city",2018-08-02,2018,8,2,4,"Thu",63,10050000,29.8616797018217,31.6196056218104,0,0,0.0378572264982461,0.0378572264982461,-3.27393339266604,-3.27393339266604,-3.41138267218452,0,-3.39315364377426,1,133.368782682598,113
"city",2018-08-03,2018,8,3,5,"Fri",64,10050000,27.0582972772513,31.6196056218104,0,0,0.0351015531961869,0.0351015531961869,-3.34950989888573,-3.34950989888573,-3.4099377904226,0,-3.39315364377426,1,131.991854281166,137
"city",2018-08-04,2018,8,4,6,"Sat",65,10050000,28.9645015226754,31.6196056218104,0,0,0.0379757311214978,0.0379757311214978,-3.27080797797996,-3.27080797797996,-3.38106452657887,0,-3.39315364377426,1,130.729946756535,148
"city",2018-08-05,2018,8,5,0,"Sun",66,10050000,29.708441952389,31.6196056218104,0,0,0.0358552072597666,0.0358552072597666,-3.328266471166,-3.328266471166,-3.46904488160046,0,-3.39315364377426,1,130.69239442227,132
"city",2018-08-06,2018,8,6,1,"Mon",67,10050000,27.9547552510067,31.6196056218104,0,0,0.0331533776841488,0.0331533776841488,-3.40661067661625,-3.40661067661625,-3.49995897043832,0,-3.39315364377426,1,134.619826639147,143
"city",2018-08-07,2018,8,7,2,"Tue",68,10050000,28.6851040452745,31.6196056218104,0,0,0.0410436363146147,0.0410436363146147,-3.19311947788746,-3.19311947788746,-3.28719395254578,0,-3.39315364377426,1,133.422683838963,130
"city",2018-08-08,2018,8,8,3,"Wed",69,10050000,30.3765764755115,31.6196056218104,0,0,0.0416713563205217,0.0416713563205217,-3.17794128498889,-3.17794128498889,-3.31608135397498,0,-3.39315364377426,1,133.432809799354,117
"city",2018-08-09,2018,8,9,4,"Thu",70,10050000,29.1086789986947,31.6196056218104,0,0,0.036792000109173,0.036792000109173,-3.30247484577721,-3.30247484577721,-3.42089038898619,0,-3.39315364377426,1,133.349751346298,144
"city",2018-08-10,2018,8,10,5,"Fri",71,10050000,29.4214634479933,31.6196056218104,0,0,0.0395317003524145,0.0395317003524145,-3.23065238837109,-3.23065238837109,-3.34926254133322,0,-3.39315364377426,1,132.070318710114,134
"city",2018-08-11,2018,8,11,6,"Sat",72,10050000,29.7800109115283,31.6196056218104,0,0,0.0384659937815265,0.0384659937815265,-3.25798070641053,-3.25798070641053,-3.39067346672599,0,-3.39315364377426,1,130.738331568064,136
"city",2018-08-12,2018,8,12,0,"Sun",73,10050000,30.3261117648626,31.6196056218104,0,0,0.0389458817431911,0.0389458817431911,-3.24558224413752,-3.24558224413752,-3.39264099283565,0,-3.39315364377426,1,130.746436590644,116
"city",2018-08-13,2018,8,13,1,"Mon",74,10050000,31.1614224051708,31.6196056218104,0,0,0.0373741636369675,0.0373741636369675,-3.28677562512789,-3.28677562512789,-3.46692889471419,0,-3.39315364377426,1,134.700511678256,125
"city",2018-08-14,2018,8,14,2,"Tue",75,10050000,27.8082232459407,31.6196056218104,0,0,0.0281248921677948,0.0281248921677948,-3.57110025249886,-3.57110025249886,-3.6762922495293,0,-3.39315364377426,1,133.170765917332,129
"city",2018-08-15,2018,8,15,3,"Wed",76,10050000,27.8888899787963,31.6196056218104,0,0,0.0318804508671639,0.0318804508671639,-3.44576228252638,-3.44576228252638,-3.54075049519489,0,-3.39315364377426,1,133.254248840849,137
"city",2018-08-16,2018,8,16,4,"Thu",77,10050000,30.3454570174256,31.6196056218104,0,0,0.0343472817099075,0.0343472817099075,-3.37123239852787,-3.37123239852787,-3.54039653054466,0,-3.39315364377426,1,133.303915212888,144
"city",2018-08-17,2018,8,17,5,"Fri",78,10050000,28.8827814461618,31.6196056218104,0,0,0.0323076176428687,0.0323076176428687,-3.43245223622299,-3.43245223622299,-3.56049200201097,0,-3.39315364377426,1,131.93712706544,139
"city",2018-08-18,2018,8,18,6,"Sat",79,10050000,32.7279093493538,31.6196056218104,1,0,0.0337392824459571,0.0337392824459571,-3.38909246925238,-3.38909246925238,-3.64922140981143,0,-3.39315364377426,1,130.652652989192,144
"city",2018-08-19,2018,8,19,0,"Sun",80,10050000,30.1108611689179,31.6196056218104,0,0,0.0302550843725081,0.0302550843725081,-3.49809103019886,-3.49809103019886,-3.68312710251425,0,-3.39315364377426,1,130.581467632909,145
"city",2018-08-20,2018,8,20,1,"Mon",81,10050000,29.23096795711,31.6196056218104,0,0,0.0289060840334925,0.0289060840334925,-3.54370318582996,-3.54370318582996,-3.70195998946362,0,-3.39315364377426,1,134.527581408965,138
"city",2018-08-21,2018,8,21,2,"Tue",82,10050000,30.0424831393412,31.6196056218104,0,0,0.0346933372487352,0.0346933372487352,-3.36120762058853,-3.36120762058853,-3.51826434756564,0,-3.39315364377426,1,133.31059709109,122
"city",2018-08-22,2018,8,22,3,"Wed",83,10050000,31.305109861925,31.6196056218104,0,0,0.0374146478610945,0.0374146478610945,-3.28569299719812,-3.28569299719812,-3.47024081873994,0,-3.39315364377426,1,133.360941092429,123
"city",2018-08-23,2018,8,23,4,"Thu",84,10050000,28.0784419734722,31.6196056218104,0,0,0.0327031825801853,0.0327031825801853,-3.42028287920369,-3.42028287920369,-3.51914543545672,0,-3.39315364377426,1,133.271226116006,129
"city",2018-08-24,2018,8,24,5,"Fri",85,10050000,28.1404461441374,31.6196056218104,0,0,0.0324094466857407,0.0324094466857407,-3.42930533430577,-3.42930533430577,-3.53122632503136,0,-3.39315364377426,1,131.939203047763,131
"city",2018-08-25,2018,8,25,6,"Sat",86,10050000,29.3260968062379,31.6196056218104,0,0,0.0320992089194312,0.0320992089194312,-3.43892389340432,-3.43892389340432,-3.58368691648867,0,-3.39315364377426,1,130.620104005427,119
"city",2018-08-26,2018,8,26,0,"Sun",87,10050000,31.0658349613053,31.6196056218104,0,0,0.0382175203983817,0.0382175203983817,-3.26446121934469,-3.26446121934469,-3.43729040550227,0,-3.39315364377426,1,130.734095379453,142
"city",2018-08-27,2018,8,27,1,"Mon",88,10050000,29.8167132300024,31.6196056218104,0,0,0.0340184964083406,0.0340184964083406,-3.38085089027685,-3.38085089027685,-3.53352550382115,0,-3.39315364377426,1,134.637166645666,144
"city",2018-08-28,2018,8,28,2,"Tue",89,10050000,29.7904051509683,31.6196056218104,0,0,0.0364883836865378,0.0364883836865378,-3.31076132421096,-3.31076132421096,-3.45150236872623,0,-3.39315364377426,1,133.34422646156,145
"city",2018-08-29,2018,8,29,3,"Wed",90,10050000,30.3348834468205,31.6196056218104,0,0,0.0350562971211205,0.0350562971211205,-3.35080002055106,-3.35080002055106,-3.51588749383381,0,-3.39315364377426,1,133.317534488469,124
"city",2018-08-30,2018,8,30,4,"Thu",91,10050000,27.2205127341172,31.6196056218104,0,0,0.034203084460388,0.034203084460388,-3.37543945008012,-3.37543945008012,-3.44256415810318,0,-3.39315364377426,1,133.301111160163,128
"city",2018-08-31,2018,8,31,5,"Fri",92,10050000,28.519013797054,31.6196056218104,0,0,0.040718110457289,0.040718110457289,-3.20108231112476,-3.20108231112476,-3.2914708013249,0,-3.39315364377426,1,132.089846801327,127
"city",2019-06-01,2019,6,1,6,"Sat",1,1e+07,22.2019668550616,31.6196056218104,0,0,0.0349230934422455,0.0349230934422455,-3.3546069653866,-3.3546069653866,-3.3546069653866,0,-3.39315364377426,1,127.450389108681,118
"city",2019-06-02,2019,6,2,0,"Sun",2,1e+07,23.7220356625176,31.6196056218104,0,0,0.0337200159413366,0.0337200159413366,-3.38966367309247,-3.38966367309247,-3.38966367309247,0,-3.39315364377426,1,127.42805111129,124
"city",2019-06-03,2019,6,3,1,"Mon",3,1e+07,25.4546385572056,31.6196056218104,0,0,0.0331743016730999,0.0331743016730999,-3.40597974877894,-3.40597974877894,-3.4197790632696,0,-3.39315364377426,1,131.298101234773,141
"city",2019-06-04,2019,6,4,2,"Tue",4,1e+07,25.8864708701992,31.6196056218104,0,0,0.0320354622599419,0.0320354622599419,-3.44091179415472,-3.44091179415472,-3.46897341341438,0,-3.39315364377426,1,129.968960908324,128
"city",2019-06-05,2019,6,5,3,"Wed",5,1e+07,25.8310919428857,31.6196056218104,0,0,0.0276175950592735,0.0276175950592735,-3.58930220722961,-3.58930220722961,-3.61985713338214,0,-3.39315364377426,1,129.872565933991,139
"city",2019-06-06,2019,6,6,4,"Thu",6,1e+07,23.7658376934139,31.6196056218104,0,0,0.0297423001430908,0.0297423001430908,-3.51518499920948,-3.51518499920948,-3.51518499920948,0,-3.39315364377426,1,129.92070381298,140
"city",2019-06-07,2019,6,7,5,"Fri",7,1e+07,25.2003215974107,31.6196056218104,0,0,0.0324200330218564,0.0324200330218564,-3.42897874411077,-3.42897874411077,-3.43517685768416,0,-3.39315364377426,1,128.683425839592,131
"city",2019-06-08,2019,6,8,6,"Sat",8,1e+07,25.9041325078909,31.6196056218104,0,0,0.032988983681149,0.032988983681149,-3.41158160109254,-3.41158160109254,-3.43937128630505,0,-3.39315364377426,1,127.414087082213,128
"city",2019-06-09,2019,6,9,0,"Sun",9,1e+07,25.4292852488336,31.6196056218104,0,0,0.0316740509433149,0.0316740509433149,-3.4522575155501,-3.4522575155501,-3.46590341460564,0,-3.39315364377426,1,127.38817629463,127
"city",2019-06-10,2019,6,10,1,"Mon",10,1e+07,23.3948063579373,31.6196056218104,0,0,0.0396412328275994,0.0396412328275994,-3.22788546940862,-3.22788546940862,-3.22788546940862,0,-3.39315364377426,1,131.415070509551,142
"city",2019-06-11,2019,6,11,2,"Tue",11,1e+07,21.5334723233052,31.6196056218104,0,0,0.0375687328488569,0.0375687328488569,-3.28158314770376,-3.28158314770376,-3.28158314770376,0,-3.39315364377426,1,130.072541054168,108
"city",2019-06-12,2019,6,12,3,"Wed",12,1e+07,22.3299707761701,31.6196056218104,0,0,0.0375303423490457,0.0375303423490457,-3.28260554386654,-3.28260554386654,-3.28260554386654,0,-3.39315364377426,1,130.071876127533,117
"city",2019-06-13,2019,6,13,4,"Thu",13,1e+07,21.3308435578132,31.6196056218104,0,0,0.0336025391887608,0.0336025391887608,-3.39315364377426,-3.39315364377426,-3.39315364377426,0,-3.39315364377426,1,130,125
"city",2019-06-14,2019,6,14,5,"Fri",14,1e+07,23.5471552089134,31.6196056218104,0,0,0.0326615937584635,0.0326615937584635,-3.42155539414716,-3.42155539414716,-3.42155539414716,0,-3.39315364377426,1,128.688202238756,130
"city",2019-06-15,2019,6,15,6,"Sat",15,1e+07,25.1708050876249,31.6196056218104,0,0,0.0315045688026434,0.0315045688026434,-3.45762270231427,-3.45762270231427,-3.46305904988888,0,-3.39315364377426,1,127.384759033679,137
"city",2019-06-16,2019,6,16,0,"Sun",16,1e+07,27.2687529291319,31.6196056218104,0,0,0.0379064639042861,0.0379064639042861,-3.27263362987174,-3.27263362987174,-3.33435090472848,0,-3.39315364377426,1,127.502637482923,117
"city",2019-06-17,2019,6,17,1,"Mon",17,1e+07,24.4240323159751,31.6196056218104,0,0,0.0321904988109598,0.0321904988109598,-3.43608393795551,-3.43608393795551,-3.43608393795551,0,-3.39315364377426,1,131.278339607689,123
"city",2019-06-18,2019,6,18,2,"Tue",18,1e+07,21.5449201029351,31.6196056218104,0,0,0.032260057452843,0.032260057452843,-3.43392542535538,-3.43392542535538,-3.43392542535538,0,-3.39315364377426,1,129.973501043088,132
"city",2019-06-19,2019,6,19,3,"Wed",19,1e+07,21.5956230053014,31.6196056218104,0,0,0.0390440124610076,0.0390440124610076,-3.24306574451652,-3.24306574451652,-3.24306574451652,0,-3.39315364377426,1,130.097593749039,106
"city",2019-06-20,2019,6,20,4,"Thu",20,1e+07,22.4981477844742,31.6196056218104,0,0,0.0359564466039425,0.0359564466039425,-3.32544688950202,-3.32544688950202,-3.32544688950202,0,-3.39315364377426,1,130.04401684045,132
"city",2019-06-21,2019,6,21,5,"Fri",21,1e+07,23.4898849197023,31.6196056218104,0,0,0.0319410757809636,0.0319410757809636,-3.44386245545491,-3.44386245545491,-3.44386245545491,0,-3.39315364377426,1,128.673849761091,126
"city",2019-06-22,2019,6,22,6,"Sat",22,1e+07,24.5791350833621,31.6196056218104,0,0,0.0326419139858226,0.0326419139858226,-3.42215811133392,-3.42215811133392,-3.42215811133392,0,-3.39315364377426,1,127.407349278386,126
"city",2019-06-23,2019,6,23,0,"Sun",23,1e+07,26.7790801524503,31.6196056218104,0,0,0.0376586139517065,0.0376586139517065,-3.27919356068676,-3.27919356068676,-3.32758823520772,0,-3.39315364377426,1,127.498455509104,136
"city",2019-06-24,2019,6,24,1,"Mon",24,1e+07,24.6833096886232,31.6196056218104,0,0,0.0311882617223017,0.0311882617223017,-3.46771348180708,-3.46771348180708,-3.46771348180708,0,-3.39315364377426,1,131.257579879287,104
"city",2019-06-25,2019,6,25,2,"Tue",25,1e+07,26.139581086586,31.6196056218104,0,0,0.033621722771832,0.033621722771832,-3.3925829098448,-3.3925829098448,-3.42706482727735,0,-3.39315364377426,1,130.000370977583,134
"city",2019-06-26,2019,6,26,3,"Wed",26,1e+07,25.9625007147719,31.6196056218104,0,0,0.034829823184221,0.034829823184221,-3.35728127115398,-3.35728127115398,-3.38530466843796,0,-3.39315364377426,1,130.023319133422,140
"city",2019-06-27,2019,6,27,4,"Thu",27,1e+07,23.2533679537274,31.6196056218104,0,0,0.0350307122079632,0.0350307122079632,-3.35153011060736,-3.35153011060736,-3.35153011060736,0,-3.39315364377426,1,130.027058112096,101
"city",2019-06-28,2019,6,28,5,"Fri",28,1e+07,21.2569976477237,31.6196056218104,0,0,0.0336621818073023,0.0336621818073023,-3.3913802733272,-3.3913802733272,-3.3913802733272,0,-3.39315364377426,1,128.707619613777,130
"city",2019-06-29,2019,6,29,6,"Sat",29,1e+07,25.4711748003127,31.6196056218104,0,0,0.0295026361347823,0.0295026361347823,-3.52327565912768,-3.52327565912768,-3.53937516344336,0,-3.39315364377426,1,127.342949965859,132
"city",2019-06-30,2019,6,30,0,"Sun",30,1e+07,24.3649479918238,31.6196056218104,0,0,0.0304064329115803,0.0304064329115803,-3.49310108402241,-3.49310108402241,-3.49310108402241,0,-3.39315364377426,1,127.362164012302,131
"city",2019-07-01,2019,7,1,1,"Mon",31,1e+07,23.4481856723632,31.6196056218104,0,0,0.0351746275136908,0.0351746275136908,-3.34743026555614,-3.34743026555614,-3.34743026555614,0,-3.39315364377426,1,132.656498253265,120
"city",2019-07-02,2019,7,2,2,"Tue",32,1e+07,25.6863671321295,31.6196056218104,0,0,0.035073822306138,0.035073822306138,-3.35030023000384,-3.35030023000384,-3.37006345628712,0,-3.39315364377426,1,131.334659398853,114
"city",2019-07-03,2019,7,3,3,"Wed",33,1e+07,23.6028585328651,31.6196056218104,0,0,0.0352974741668775,0.0352974741668775,-3.3439438709492,-3.3439438709492,-3.3439438709492,0,-3.39315364377426,1,131.338833516441,117
"city",2019-07-04,2019,7,4,4,"Thu",34,1e+07,23.8607301893926,31.6196056218104,0,0,0.0387508739650063,0.0387508739650063,-3.25060196950147,-3.25060196950147,-3.25060196950147,0,-3.39315364377426,1,131.400144904904,140
"city",2019-07-05,2019,7,5,5,"Fri",35,1e+07,23.4017671497611,31.6196056218104,0,0,0.0394879229469452,0.0394879229469452,-3.23176040200417,-3.23176040200417,-3.23176040200417,0,-3.39315364377426,1,130.104947946179,123
"city",2019-07-06,2019,7,6,6,"Sat",36,1e+07,22.4458149713476,31.6196056218104,0,0,0.0297107238154778,0.0297107238154778,-3.5162472271158,-3.5162472271158,-3.5162472271158,0,-3.39315364377426,1,128.627288051327,123
"city",2019-07-07,2019,7,7,0,"Sun",37,1e+07,26.8086288828616,31.6196056218104,0,0,0.0308397443134908,0.0308397443134908,-3.47895102106422,-3.47895102106422,-3.53938707830693,0,-3.39315364377426,1,128.65127683718,125
"city",2019-07-08,2019,7,8,1,"Mon",38,1e+07,28.3476810381618,31.6196056218104,0,0,0.0377772992805755,0.0377772992805755,-3.27604690489078,-3.27604690489078,-3.36883808962772,0,-3.39315364377426,1,132.703854037097,129
"city",2019-07-09,2019,7,9,2,"Tue",39,1e+07,27.1176573274296,31.6196056218104,0,0,0.0365299309778587,0.0365299309778587,-3.30962332764132,-3.30962332764132,-3.36934198607434,0,-3.39315364377426,1,131.36137355097,127
"city",2019-07-10,2019,7,10,3,"Wed",40,1e+07,30.2419433401723,31.6196056218104,0,0,0.0371809038201411,0.0371809038201411,-3.29195998767443,-3.29195998767443,-3.44392868274968,0,-3.39315364377426,1,131.372975466281,133
"city",2019-07-11,2019,7,11,4,"Thu",41,1e+07,29.152969868353,31.6196056218104,0,0,0.0372628167031486,0.0372628167031486,-3.28975932076821,-3.28975932076821,-3.40792455338368,0,-3.39315364377426,1,131.374421015032,138
"city",2019-07-12,2019,7,12,5,"Fri",42,1e+07,26.7396398344582,31.6196056218104,0,0,0.0383282850302504,0.0383282850302504,-3.26156714282256,-3.26156714282256,-3.3080173272615,0,-3.39315364377426,1,130.085559368677,126
"city",2019-07-13,2019,7,13,6,"Sat",43,1e+07,26.8877432151654,31.6196056218104,0,0,0.0356907267753197,0.0356907267753197,-3.33286437813123,-3.33286437813123,-3.38720620937834,0,-3.39315364377426,1,128.745282331079,135
"city",2019-07-14,2019,7,14,0,"Sun",44,1e+07,27.4399697799819,31.6196056218104,0,0,0.0316407302705826,0.0316407302705826,-3.45331005573644,-3.45331005573644,-3.53356052584839,0,-3.39315364377426,1,128.667771609156,124
"city",2019-07-15,2019,7,15,1,"Mon",45,1e+07,23.2169149643696,31.6196056218104,0,0,0.0333294079436066,0.0333294079436066,-3.40131515028841,-3.40131515028841,-3.40131515028841,0,-3.39315364377426,1,132.620762166981,140
"city",2019-07-16,2019,7,16,2,"Tue",46,1e+07,24.4153383203768,31.6196056218104,0,0,0.0323627714644518,0.0323627714644518,-3.43074654569859,-3.43074654569859,-3.43074654569859,0,-3.39315364377426,1,131.281843074404,130
"city",2019-07-17,2019,7,17,3,"Wed",47,1e+07,25.3203129925049,31.6196056218104,0,0,0.0320728431908263,0.0320728431908263,-3.43974561342796,-3.43974561342796,-3.44978286553291,0,-3.39315364377426,1,131.27593613631,137
"city",2019-07-18,2019,7,18,4,"Thu",48,1e+07,25.5127853942585,31.6196056218104,0,0,0.0333478628167486,0.0333478628167486,-3.40076159212975,-3.40076159212975,-3.41625790141629,0,-3.39315364377426,1,131.301526949762,132
"city",2019-07-19,2019,7,19,5,"Fri",49,1e+07,25.520465507797,31.6196056218104,0,0,0.0341203274374321,0.0341203274374321,-3.3778619597625,-3.3778619597625,-3.39323332125847,0,-3.39315364377426,1,130.0099399746,123
"city",2019-07-20,2019,7,20,6,"Sat",50,1e+07,23.1548997055416,31.6196056218104,0,0,0.0363811201245421,0.0363811201245421,-3.31370531679655,-3.31370531679655,-3.31370531679655,0,-3.39315364377426,1,128.757616115632,136
"city",2019-07-21,2019,7,21,0,"Sun",51,1e+07,25.3597835250022,31.6196056218104,0,0,0.0348517481769439,0.0348517481769439,-3.35665198013719,-3.35665198013719,-3.36702889071162,0,-3.39315364377426,1,128.729970533993,117
"city",2019-07-22,2019,7,22,1,"Mon",52,1e+07,26.5059549617463,31.6196056218104,0,0,0.0360759061851447,0.0360759061851447,-3.32213005516036,-3.32213005516036,-3.36477043600134,0,-3.39315364377426,1,132.673280501309,125
"city",2019-07-23,2019,7,23,2,"Tue",53,1e+07,26.857645844334,31.6196056218104,0,0,0.0387987197771216,0.0387987197771216,-3.24936802833228,-3.24936802833228,-3.2984312322788,0,-3.39315364377426,1,131.400955607647,102
"city",2019-07-24,2019,7,24,3,"Wed",54,1e+07,26.5020237493911,31.6196056218104,0,0,0.039328827687764,0.039328827687764,-3.23579750005705,-3.23579750005705,-3.27473732874968,0,-3.39315364377426,1,131.409871812055,134
"city",2019-07-25,2019,7,25,4,"Thu",55,1e+07,29.8154285285179,31.6196056218104,0,0,0.0395558980833775,0.0395558980833775,-3.23004046609259,-3.23004046609259,-3.35985000200089,0,-3.39315364377426,1,131.413654521974,124
"city",2019-07-26,2019,7,26,5,"Fri",56,1e+07,32.0924685971253,31.6196056218104,1,1,0.0337934413026919,0.0437934413026919,-3.38748853962125,-3.12827121475985,-3.38748853962125,1e-05,-3.39315364377426,1,154.096056342832,153
"city",2019-07-27,2019,7,27,6,"Sat",57,1e+07,34.4993920776744,31.6196056218104,1,1,0.0327705190548266,0.0427705190548266,-3.41822597706739,-3.15190622086123,-3.41822597706739,1e-05,-3.39315364377426,1,152.508697218391,154
"city",2019-07-28,2019,7,28,0,"Sun",58,1e+07,32.9191889575631,31.6196056218104,1,1,0.0366238329600269,0.0466238329600269,-3.30705607672524,-3.06564343167937,-3.30705607672524,1e-05,-3.39315364377426,1,152.706162328973,176
"city",2019-07-29,2019,7,29,1,"Mon",59,1e+07,31.6455460936194,31.6196056218104,1,1,0.0349588453189799,0.0449588453189799,-3.35358375737356,-3.10200775613353,-3.35358375737356,1e-05,-3.39315364377426,1,157.270948156923,148
"city",2019-07-30,2019,7,30,2,"Tue",60,1e+07,32.9461054456496,31.6196056218104,1,1,0.031631002286965,0.041631002286965,-3.45361755430811,-3.17891014199097,-3.45361755430811,1e-05,-3.39315364377426,1,155.526567100114,152
"city",2019-07-31,2019,7,31,3,"Wed",61,1e+07,33.6086846209459,31.6196056218104,1,1,0.0362194021286456,0.0462194021286456,-3.31816033332667,-3.07435560955826,-3.31816033332667,1e-05,-3.39315364377426,1,155.770673580932,168
"city",2019-08-01,2019,8,1,4,"Thu",62,1e+07,31.0192969779235,31.6196056218104,0,0,0.0365059914726461,0.0365059914726461,-3.31027888192931,-3.31027888192931,-3.49046493662644,0,-3.39315364377426,1,132.681142404391,131
"city",2019-08-02,2019,8,2,5,"Fri",63,1e+07,29.7144973219766,31.6196056218104,0,0,0.0372322672764653,0.0372322672764653,-3.29057949377196,-3.29057949377196,-3.42596857123909,0,-3.39315364377426,1,131.373882267369,119
"city",2019-08-03,2019,8,3,6,"Sat",64,1e+07,30.5879186482429,31.6196056218104,0,0,0.0393548925469814,0.0393548925469814,-3.23513497774385,-3.23513497774385,-3.38827205775768,0,-3.39315364377426,1,130.102752719694,133
"city",2019-08-04,2019,8,4,0,"Sun",65,1e+07,26.9641471644263,31.6196056218104,0,0,0.0327309018630724,0.0327309018630724,-3.41943563621768,-3.41943563621768,-3.48132056486776,0,-3.39315364377426,1,129.98291782732,130
"city",2019-08-05,2019,8,5,1,"Mon",66,1e+07,27.0244188942443,31.6196056218104,0,0,0.0306953360436972,0.0306953360436972,-3.4836445563308,-3.4836445563308,-3.55187200973271,0,-3.39315364377426,1,133.898492722384,134
"city",2019-08-06,2019,8,6,2,"Tue",67,1e+07,25.8426057829944,31.6196056218104,0,0,0.0309891336101259,0.0309891336101259,-3.47411866465215,-3.47411866465215,-3.50168552571996,0,-3.39315364377426,1,132.572494664807,134
"city",2019-08-07,2019,8,7,3,"Wed",68,1e+07,26.7727319792396,31.6196056218104,0,0,0.0324748203928995,0.0324748203928995,-3.42729024706742,-3.42729024706742,-3.4834246001991,0,-3.39315364377426,1,132.603539099772,125
"city",2019-08-08,2019,8,8,4,"Thu",69,1e+07,27.4723347183736,31.6196056218104,0,0,0.03490335744549,0.03490335744549,-3.35517225252435,-3.35517225252435,-3.42863982270885,0,-3.39315364377426,1,132.65136322825,131
"city",2019-08-09,2019,8,9,5,"Fri",70,1e+07,29.7688964386892,31.6196056218104,0,0,0.0373561703984853,0.0373561703984853,-3.2872571762694,-3.2872571762694,-3.42383343615483,0,-3.39315364377426,1,131.376064614237,134
"city",2019-08-10,2019,8,10,6,"Sat",71,1e+07,29.9331971003489,31.6196056218104,0,0,0.0402409692233252,0.0402409692233252,-3.21286966741399,-3.21286966741399,-3.34365216582208,0,-3.39315364377426,1,130.117237416765,137
"city",2019-08-11,2019,8,11,0,"Sun",72,1e+07,30.1586699544016,31.6196056218104,0,0,0.0418098510810839,0.0418098510810839,-3.1746232954214,-3.1746232954214,-3.30630962397416,0,-3.39315364377426,1,130.14212235741,123
"city",2019-08-12,2019,8,12,1,"Mon",73,1e+07,29.0789034872393,31.6196056218104,0,0,0.0405724531104763,0.0405724531104763,-3.20466593747208,-3.20466593747208,-3.31061975666202,0,-3.39315364377426,1,134.085397130748,134
"city",2019-08-13,2019,8,13,2,"Tue",74,1e+07,31.7479661410574,31.6196056218104,1,1,0.0359724531830575,0.0459724531830575,-3.32500182279235,-3.07971290571821,-3.32500182279235,1e-05,-3.39315364377426,1,157.323551936341,165
"city",2019-08-14,2019,8,14,3,"Wed",75,1e+07,33.4835983778226,31.6196056218104,1,1,0.0308801751437989,0.0408801751437989,-3.4776408820865,-3.19711004875636,-3.4776408820865,1e-05,-3.39315364377426,1,157.046755688086,164
"city",2019-08-15,2019,8,15,4,"Thu",76,1e+07,30.6550909520079,31.6196056218104,0,0,0.0369328009109586,0.0369328009109586,-3.29865520920924,-3.29865520920924,-3.46484957701607,0,-3.39315364377426,1,132.688853839354,142
"city",2019-08-16,2019,8,16,5,"Fri",77,1e+07,30.1902269675981,31.6196056218104,0,0,0.0396071884859325,0.0396071884859325,-3.22874464977327,-3.22874464977327,-3.36920576872713,0,-3.39315364377426,1,131.414505964523,130
"city",2019-08-17,2019,8,17,6,"Sat",78,1e+07,29.538518116065,31.6196056218104,0,0,0.0378424799240396,0.0378424799240396,-3.27432299984128,-3.27432299984128,-3.40207891586004,0,-3.39315364377426,1,130.077262869275,142
"city",2019-08-18,2019,8,18,0,"Sun",79,1e+07,28.346286305677,31.6196056218104,0,0,0.0412956374605099,0.0412956374605099,-3.18699841509057,-3.18699841509057,-3.27150287265602,0,-3.39315364377426,1,130.134069984845,138
"city",2019-08-19,2019,8,19,1,"Mon",80,1e+07,30.6587967577474,31.6196056218104,0,0,0.0385535027383429,0.0385535027383429,-3.2557083208867,-3.2557083208867,-3.41444354660251,0,-3.39315364377426,1,134.051181305823,125
"city",2019-08-20,2019,8,20,2,"Tue",81,1e+07,29.1969491591347,31.6196056218104,0,0,0.0329046921740067,0.0329046921740067,-3.41414001210925,-3.41414001210925,-3.55058840114478,0,-3.39315364377426,1,132.612258224892,142
"city",2019-08-21,2019,8,21,3,"Wed",82,1e+07,28.3881136993866,31.6196056218104,0,0,0.036270421271451,0.036270421271451,-3.31675271088158,-3.31675271088158,-3.41482052962465,0,-3.39315364377426,1,132.676847698793,141
"city",2019-08-22,2019,8,22,4,"Thu",83,1e+07,27.3305074698621,31.6196056218104,0,0,0.0368079818608936,0.0368079818608936,-3.30204055893246,-3.30204055893246,-3.36744908438942,0,-3.39315364377426,1,132.686607867489,125
"city",2019-08-23,2019,8,23,5,"Fri",84,1e+07,25.7537913098592,31.6196056218104,0,0,0.0391846092530547,0.0391846092530547,-3.23947123037711,-3.23947123037711,-3.25889559065594,0,-3.39315364377426,1,131.407458012072,147
"city",2019-08-24,2019,8,24,6,"Sat",85,1e+07,26.2918350683117,31.6196056218104,0,0,0.0348453454280282,0.0348453454280282,-3.35683571086692,-3.35683571086692,-3.39461379034586,0,-3.39315364377426,1,130.023608799882,127
"city",2019-08-25,2019,8,25,0,"Sun",86,1e+07,26.8550404412446,31.6196056218104,0,0,0.0284122353174405,0.0284122353174405,-3.56093540555508,-3.56093540555508,-3.62845457455257,0,-3.39315364377426,1,129.890987586973,112
"city",2019-08-26,2019,8,26,1,"Mon",87,1e+07,27.232156177939,31.6196056218104,0,0,0.0319571631005918,0.0319571631005918,-3.44335892608541,-3.44335892608541,-3.5157666035154,0,-3.39315364377426,1,133.92546636476,121
"city",2019-08-27,2019,8,27,2,"Tue",88,1e+07,25.6325238631093,31.6196056218104,0,0,0.0298237419278412,0.0298237419278412,-3.51245049368695,-3.51245049368695,-3.53388736615042,0,-3.39315364377426,1,132.547088368558,149
"city",2019-08-28,2019,8,28,3,"Wed",89,1e+07,23.4926228622884,31.6196056218104,0,0,0.0339083025513509,0.0339083025513509,-3.38409538156283,-3.38409538156283,-3.38409538156283,0,-3.39315364377426,1,132.632181152819,130
"city",2019-08-29,2019,8,29,4,"Thu",90,1e+07,24.3169357874939,31.6196056218104,0,0,0.0323804669720167,0.0323804669720167,-3.43019990921784,-3.43019990921784,-3.43019990921784,0,-3.39315364377426,1,132.601609956311,130
"city",2019-08-30,2019,8,30,5,"Fri",91,1e+07,26.8634235948091,31.6196056218104,0,0,0.0392656722621227,0.0392656722621227,-3.23740462114759,-3.23740462114759,-3.28602445157459,0,-3.39315364377426,1,131.408815858415,142
"city",2019-08-31,2019,8,31,6,"Sat",92,1e+07,25.9250491105304,31.6196056218104,0,0,0.0372688032256591,0.0372688032256591,-3.28959867693599,-3.28959867693599,-3.31473291603524,0,-3.39315364377426,1,130.067328157354,123
"city",2020-06-01,2020,6,1,1,"Mon",1,9950000,21.9129764574834,31.6196056218104,0,0,0.0295522226998846,0.0295522226998846,-3.52159631968858,-3.52159631968858,-3.52159631968858,0,-3.39315364377426,1,130.566110878034,123
"city",2020-06-02,2020,6,2,2,"Tue",2,9950000,18.6962681584038,31.6196056218104,0,0,0.0270251411998005,0.0270251411998005,-3.61098769068604,-3.61098769068604,-3.61098769068604,0,-3.39315364377426,1,129.209192525735,130
"city",2020-06-03,2020,6,3,3,"Wed",3,9950000,20.7555742709977,31.6196056218104,0,0,0.0283811017682588,0.0283811017682588,-3.56203178600736,-3.56203178600736,-3.56203178600736,0,-3.39315364377426,1,129.24082416153,153
"city",2020-06-04,2020,6,4,4,"Thu",4,9950000,21.6049881222751,31.6196056218104,0,0,0.0313469368552803,0.0313469368552803,-3.46263872464248,-3.46263872464248,-3.46263872464248,0,-3.39315364377426,1,129.305068329602,117
"city",2020-06-05,2020,6,5,5,"Fri",5,9950000,21.7516796372947,31.6196056218104,0,0,0.0341144509824722,0.0341144509824722,-3.37803420198591,-3.37803420198591,-3.37803420198591,0,-3.39315364377426,1,128.072627562686,152
"city",2020-06-06,2020,6,6,6,"Sat",6,9950000,21.7504145667943,31.6196056218104,0,0,0.0329856851184519,0.0329856851184519,-3.41168159591661,-3.41168159591661,-3.41168159591661,0,-3.39315364377426,1,126.77695326159,132
"city",2020-06-07,2020,6,7,0,"Sun",7,9950000,25.4735014074265,31.6196056218104,0,0,0.0347708338685982,0.0347708338685982,-3.35897635083412,-3.35897635083412,-3.37268769864587,0,-3.39315364377426,1,126.81036671602,125
"city",2020-06-08,2020,6,8,1,"Mon",8,9950000,27.4512401095952,31.6196056218104,0,0,0.0337104118374503,0.0337104118374503,-3.38994853274018,-3.38994853274018,-3.46544245056968,0,-3.39315364377426,1,130.652082867723,132
"city",2020-06-09,2020,6,9,2,"Tue",9,9950000,29.2574716772599,31.6196056218104,0,0,0.0360538717885655,0.0360538717885655,-3.32274102050321,-3.32274102050321,-3.44840219965106,0,-3.39315364377426,1,129.395547381407,153
"city",2020-06-10,2020,6,10,3,"Wed",10,9950000,28.6917526697853,31.6196056218104,0,0,0.0358292887500345,0.0358292887500345,-3.32898959854512,-3.32898959854512,-3.437730583707,0,-3.39315364377426,1,129.391504753678,133
"city",2020-06-11,2020,6,11,4,"Thu",11,9950000,29.4579377523825,31.6196056218104,0,0,0.0373685401195152,0.0373685401195152,-3.28692610182141,-3.28692610182141,-3.41396041272637,0,-3.39315364377426,1,129.418720911276,143
"city",2020-06-12,2020,6,12,5,"Fri",12,9950000,28.6992981935867,31.6196056218104,0,0,0.0395677217184605,0.0395677217184605,-3.22974160122264,-3.22974160122264,-3.32789793808668,0,-3.39315364377426,1,128.167623891605,112
"city",2020-06-13,2020,6,13,6,"Sat",13,9950000,24.5571536432807,31.6196056218104,0,0,0.0370219167926747,0.0370219167926747,-3.29624519595744,-3.29624519595744,-3.29624519595744,0,-3.39315364377426,1,126.850147758243,127
"city",2020-06-14,2020,6,14,0,"Sun",14,9950000,21.1224985057616,31.6196056218104,0,0,0.030476631806401,0.030476631806401,-3.49079505930916,-3.49079505930916,-3.49079505930916,0,-3.39315364377426,1,126.726814359645,127
"city",2020-06-15,2020,6,15,1,"Mon",15,9950000,19.321912036328,31.6196056218104,0,0,0.0307504418986109,0.0307504418986109,-3.48185091414634,-3.48185091414634,-3.48185091414634,0,-3.39315364377426,1,130.592060471526,143
"city",2020-06-16,2020,6,16,2,"Tue",16,9950000,20.4030489572228,31.6196056218104,0,0,0.0311471023967831,0.0311471023967831,-3.46903405904544,-3.46903405904544,-3.46903405904544,0,-3.39315364377426,1,129.30093364995,143
"city",2020-06-17,2020,6,17,3,"Wed",17,9950000,20.8142606695175,31.6196056218104,0,0,0.0322817604920553,0.0322817604920553,-3.43325289889978,-3.43325289889978,-3.43325289889978,0,-3.39315364377426,1,129.324068406429,133
"city",2020-06-18,2020,6,18,4,"Thu",18,9950000,19.6678913554118,31.6196056218104,0,0,0.0313189370109417,0.0313189370109417,-3.4635323480606,-3.4635323480606,-3.4635323480606,0,-3.39315364377426,1,129.304490580707,134
"city",2020-06-19,2020,6,19,5,"Fri",19,9950000,19.8687493856794,31.6196056218104,0,0,0.0299198193818734,0.0299198193818734,-3.50923416259617,-3.50923416259617,-3.50923416259617,0,-3.39315364377426,1,127.988639495319,146
"city",2020-06-20,2020,6,20,6,"Sat",20,9950000,19.7179883318212,31.6196056218104,0,0,0.0316752146957464,0.0316752146957464,-3.45222077471594,-3.45222077471594,-3.45222077471594,0,-3.39315364377426,1,126.75125869789,128
"city",2020-06-21,2020,6,21,0,"Sun",21,9950000,23.5338766231804,31.6196056218104,0,0,0.0346928047937495,0.0346928047937495,-3.36122296817726,-3.36122296817726,-3.36122296817726,0,-3.39315364377426,1,126.808942252175,124
"city",2020-06-22,2020,6,22,1,"Mon",22,9950000,24.011804699621,31.6196056218104,0,0,0.0343575374264392,0.0343575374264392,-3.37093385421216,-3.37093385421216,-3.37093385421216,0,-3.39315364377426,1,130.664504994994,142
"city",2020-06-23,2020,6,23,2,"Tue",23,9950000,24.7710828701466,31.6196056218104,0,0,0.0299517898360555,0.0299517898360555,-3.50816619540309,-3.50816619540309,-3.50816619540309,0,-3.39315364377426,1,129.275637015975,125
"city",2020-06-24,2020,6,24,3,"Wed",24,9950000,24.333665131208,31.6196056218104,0,0,0.0341365766722498,0.0341365766722498,-3.37738583986411,-3.37738583986411,-3.37738583986411,0,-3.39315364377426,1,129.360198229183,144
"city",2020-06-25,2020,6,25,4,"Thu",25,9950000,21.0431333981514,31.6196056218104,0,0,0.0356894157445361,0.0356894157445361,-3.33290111189884,-3.33290111189884,-3.33290111189884,0,-3.39315364377426,1,129.388974195431,130
"city",2020-06-26,2020,6,26,5,"Fri",26,9950000,22.1151861036081,31.6196056218104,0,0,0.0375488594143546,0.0375488594143546,-3.28211227635038,-3.28211227635038,-3.28211227635038,0,-3.39315364377426,1,128.134067160305,131
"city",2020-06-27,2020,6,27,6,"Sat",27,9950000,19.9975134781581,31.6196056218104,0,0,0.0376063021664704,0.0376063021664704,-3.28058363182103,-3.28058363182103,-3.28058363182103,0,-3.39315364377426,1,126.860081505807,152
"city",2020-06-28,2020,6,28,0,"Sun",28,9950000,22.6840157980741,31.6196056218104,0,0,0.0389657857926001,0.0389657857926001,-3.24507130526349,-3.24507130526349,-3.24507130526349,0,-3.39315364377426,1,126.882608988964,120
"city",2020-06-29,2020,6,29,1,"Mon",29,9950000,22.3701171099531,31.6196056218104,0,0,0.0341642595694294,0.0341642595694294,-3.37657522318007,-3.37657522318007,-3.37657522318007,0,-3.39315364377426,1,130.660819413555,120
"city",2020-06-30,2020,6,30,2,"Tue",30,9950000,26.5384294772985,31.6196056218104,0,0,0.0354190189701129,0.0354190189701129,-3.34050634407164,-3.34050634407164,-3.38491300991593,0,-3.39315364377426,1,129.38405412303,156
"city",2020-07-01,2020,7,1,3,"Wed",31,9950000,26.7838058408591,31.6196056218104,0,0,0.040419233701979,0.040419233701979,-3.20844952557383,-3.20844952557383,-3.25358560321453,0,-3.39315364377426,1,130.770702799705,129
"city",2020-07-02,2020,7,2,4,"Thu",32,9950000,24.139003195516,31.6196056218104,0,0,0.0374652689353482,0.0374652689353482,-3.28434093688259,-3.28434093688259,-3.28434093688259,0,-3.39315364377426,1,130.721090347231,144
"city",2020-07-03,2020,7,3,5,"Fri",33,9950000,23.6988360158771,31.6196056218104,0,0,0.0352850086793745,0.0352850086793745,-3.34429708855022,-3.34429708855022,-3.34429708855022,0,-3.39315364377426,1,129.381601836826,123
"city",2020-07-04,2020,7,4,6,"Sat",34,9950000,24.9470506293363,31.6196056218104,0,0,0.0371551572681518,0.0371551572681518,-3.2926526946229,-3.2926526946229,-3.2926526946229,0,-3.39315364377426,1,128.127314404935,136
"city",2020-07-05,2020,7,5,0,"Sun",35,9950000,26.0527807461356,31.6196056218104,0,0,0.035648902172039,0.035648902172039,-3.33403692720921,-3.33403692720921,-3.3640137007191,0,-3.39315364377426,1,128.100804894818,122
"city",2020-07-06,2020,7,6,1,"Mon",36,9950000,25.0184952496471,31.6196056218104,0,0,0.0310805371898912,0.0310805371898912,-3.47117346953003,-3.47117346953003,-3.47176872162455,0,-3.39315364377426,1,131.911574703812,132
"city",2020-07-07,2020,7,7,2,"Tue",37,9950000,24.7752481745501,31.6196056218104,0,0,0.0334382255650373,0.0334382255650373,-3.39805555542003,-3.39805555542003,-3.39805555542003,0,-3.39315364377426,1,130.646786978063,139
"city",2020-07-08,2020,7,8,3,"Wed",38,9950000,22.9262663708703,31.6196056218104,0,0,0.0369642985073487,0.0369642985073487,-3.29780273736541,-3.29780273736541,-3.29780273736541,0,-3.39315364377426,1,130.712291937155,154
"city",2020-07-09,2020,7,9,4,"Thu",39,9950000,23.0879475298798,31.6196056218104,0,0,0.0366250265058115,0.0366250265058115,-3.307023487937,-3.307023487937,-3.307023487937,0,-3.39315364377426,1,130.706265748868,139
"city",2020-07-10,2020,7,10,5,"Fri",40,9950000,23.0973056007965,31.6196056218104,0,0,0.036649979106013,0.036649979106013,-3.30634242074478,-3.30634242074478,-3.30634242074478,0,-3.39315364377426,1,129.406157345332,123
"city",2020-07-11,2020,7,11,6,"Sat",41,9950000,24.0271507176385,31.6196056218104,0,0,0.0410042122610968,0.0410042122610968,-3.19408047947949,-3.19408047947949,-3.19408047947949,0,-3.39315364377426,1,128.190478935331,137
"city",2020-07-12,2020,7,12,0,"Sun",42,9950000,23.1768369847588,31.6196056218104,0,0,0.041035440299029,0.041035440299029,-3.19331918811694,-3.19331918811694,-3.19331918811694,0,-3.39315364377426,1,128.190966887782,114
"city",2020-07-13,2020,7,13,1,"Mon",43,9950000,24.088029641008,31.6196056218104,0,0,0.039959244667581,0.039959244667581,-3.21989522759312,-3.21989522759312,-3.21989522759312,0,-3.39315364377426,1,132.077411402796,123
"city",2020-07-14,2020,7,14,2,"Tue",44,9950000,21.0381933969553,31.6196056218104,0,0,0.0374450515992181,0.0374450515992181,-3.28488071128154,-3.28488071128154,-3.28488071128154,0,-3.39315364377426,1,130.720737548218,118
"city",2020-07-15,2020,7,15,3,"Wed",45,9950000,20.5251590304261,31.6196056218104,0,0,0.044387952698549,0.044387952698549,-3.11478718198039,-3.11478718198039,-3.11478718198039,0,-3.39315364377426,1,130.831958594477,131
"city",2020-07-16,2020,7,16,4,"Thu",46,9950000,24.5554530293475,31.6196056218104,0,0,0.0399075017486522,0.0399075017486522,-3.22119095900801,-3.22119095900801,-3.22119095900801,0,-3.39315364377426,1,130.762372034048,138
"city",2020-07-17,2020,7,17,5,"Fri",47,9950000,24.6499573388836,31.6196056218104,0,0,0.0395330651555544,0.0395330651555544,-3.23061786469595,-3.23061786469595,-3.23061786469595,0,-3.39315364377426,1,129.455162741101,133
"city",2020-07-18,2020,7,18,6,"Sat",48,9950000,27.6579096970193,31.6196056218104,0,0,0.0393468714816551,0.0393468714816551,-3.23533881219287,-3.23533881219287,-3.30527933797264,0,-3.39315364377426,1,128.164037035644,143
"city",2020-07-19,2020,7,19,0,"Sun",49,9950000,24.481013753161,31.6196056218104,0,0,0.0332325757824541,0.0332325757824541,-3.40422468585337,-3.40422468585337,-3.40422468585337,0,-3.39315364377426,1,128.055857240337,131
"city",2020-07-20,2020,7,20,1,"Mon",50,9950000,24.5519725942167,31.6196056218104,0,0,0.0308421811568825,0.0308421811568825,-3.47887200785656,-3.47887200785656,-3.47887200785656,0,-3.39315364377426,1,131.906497169969,132
"city",2020-07-21,2020,7,21,2,"Tue",51,9950000,27.2444608052007,31.6196056218104,0,0,0.0327678302233442,0.0327678302233442,-3.41830803075087,-3.41830803075087,-3.48926267832719,0,-3.39315364377426,1,130.633558043719,162
"city",2020-07-22,2020,7,22,3,"Wed",52,9950000,29.8597982085399,31.6196056218104,0,0,0.0353049791978644,0.0353049791978644,-3.34373127122617,-3.34373127122617,-3.49182755714293,0,-3.39315364377426,1,130.682278263866,122
"city",2020-07-23,2020,7,23,4,"Thu",53,9950000,25.7340099781157,31.6196056218104,0,0,0.0307028876933534,0.0307028876933534,-3.48339856713976,-3.48339856713976,-3.50759584529373,0,-3.39315364377426,1,130.591049919469,142
"city",2020-07-24,2020,7,24,5,"Fri",54,9950000,27.5873742403547,31.6196056218104,0,0,0.0341907819487046,0.0341907819487046,-3.37579920490791,-3.37579920490791,-3.45449032533163,0,-3.39315364377426,1,129.361224470316,139
"city",2020-07-25,2020,7,25,6,"Sat",55,9950000,28.3300791103677,31.6196056218104,0,0,0.0339064129619061,0.0339064129619061,-3.38415110956909,-3.38415110956909,-3.48752897279911,0,-3.39315364377426,1,128.068710580452,106
"city",2020-07-26,2020,7,26,0,"Sun",56,9950000,27.5481405293369,31.6196056218104,0,0,0.0364769891690865,0.0364769891690865,-3.31107365092425,-3.31107365092425,-3.38348963416141,0,-3.39315364377426,1,128.11551381009,142
"city",2020-07-27,2020,7,27,1,"Mon",57,9950000,26.7247655090171,31.6196056218104,0,0,0.032078690763646,0.032078690763646,-3.43956330842368,-3.43956330842368,-3.49482943690271,0,-3.39315364377426,1,131.932425082119,107
"city",2020-07-28,2020,7,28,2,"Tue",58,9950000,24.9784191175725,31.6196056218104,0,0,0.0334737472160077,0.0334737472160077,-3.396993812571,-3.396993812571,-3.396993812571,0,-3.39315364377426,1,130.647480546363,109
"city",2020-07-29,2020,7,29,3,"Wed",59,9950000,25.7182850571721,31.6196056218104,0,0,0.0381978495158824,0.0381978495158824,-3.26497606035,-3.26497606035,-3.2839594423115,0,-3.39315364377426,1,130.733747948878,114
"city",2020-07-30,2020,7,30,4,"Thu",60,9950000,23.6012248836132,31.6196056218104,0,0,0.0366686922052148,0.0366686922052148,-3.30583196142321,-3.30583196142321,-3.30583196142321,0,-3.39315364377426,1,130.707044451093,121
"city",2020-07-31,2020,7,31,5,"Fri",61,9950000,23.553568779291,31.6196056218104,0,0,0.0350857444223199,0.0350857444223199,-3.34996037282249,-3.34996037282249,-3.34996037282249,0,-3.39315364377426,1,129.377938264742,139
"city",2020-08-01,2020,8,1,6,"Sat",62,9950000,22.2167559639116,31.6196056218104,0,0,0.0366000933206335,0.0366000933206335,-3.30770448883398,-3.30770448883398,-3.30770448883398,0,-3.39315364377426,1,129.405276048346,125
"city",2020-08-02,2020,8,2,0,"Sun",63,9950000,25.360430010221,31.6196056218104,0,0,0.0326209259326494,0.0326209259326494,-3.42280129676449,-3.42280129676449,-3.43391183373031,0,-3.39315364377426,1,129.330826801565,132
"city",2020-08-03,2020,8,3,1,"Mon",64,9950000,25.6059815135232,31.6196056218104,0,0,0.0336117023330392,0.0336117023330392,-3.39288098892827,-3.39288098892827,-3.41107437437329,0,-3.39315364377426,1,133.289475676871,139
"city",2020-08-04,2020,8,4,2,"Tue",65,9950000,27.6171455477102,31.6196056218104,0,0,0.0331463078740482,0.0331463078740482,-3.40682394490154,-3.40682394490154,-3.48907291033408,0,-3.39315364377426,1,131.954023768015,140
"city",2020-08-05,2020,8,5,3,"Wed",66,9950000,26.0456535877758,31.6196056218104,0,0,0.036189435681232,0.036189435681232,-3.31898803475182,-3.31898803475182,-3.34830757271895,0,-3.39315364377426,1,132.011988004315,120
"city",2020-08-06,2020,8,6,4,"Thu",67,9950000,26.4678396487745,31.6196056218104,0,0,0.0325523083793976,0.0325523083793976,-3.42490699488828,-3.42490699488828,-3.47104698226669,0,-3.39315364377426,1,131.942093651316,146
"city",2020-08-07,2020,8,7,5,"Fri",68,9950000,27.0213132396561,31.6196056218104,0,0,0.0335728897429014,0.0335728897429014,-3.39403639058381,-3.39403639058381,-3.45613172283615,0,-3.39315364377426,1,130.649412459305,146
"city",2020-08-08,2020,8,8,6,"Sat",69,9950000,29.4161708785945,31.6196056218104,0,0,0.0394724577915434,0.0394724577915434,-3.23215212138178,-3.23215212138178,-3.35080031174476,0,-3.39315364377426,1,129.454169657666,117
"city",2020-08-09,2020,8,9,0,"Sun",70,9950000,29.9037251760351,31.6196056218104,0,0,0.0399384650622767,0.0399384650622767,-3.22041538282268,-3.22041538282268,-3.35141514158447,0,-3.39315364377426,1,129.461766729299,138
"city",2020-08-10,2020,8,10,1,"Mon",71,9950000,30.8108142717784,31.6196056218104,0,0,0.0404858263057816,0.0404858263057816,-3.20680333388113,-3.20680333388113,-3.36173596573002,0,-3.39315364377426,1,133.413544349322,142
"city",2020-08-11,2020,8,11,2,"Tue",72,9950000,27.9454250638567,31.6196056218104,0,0,0.0343527150954478,0.0343527150954478,-3.37107422135745,-3.37107422135745,-3.46071524640325,0,-3.39315364377426,1,131.977612475528,116
"city",2020-08-12,2020,8,12,3,"Wed",73,9950000,28.0431751588253,31.6196056218104,0,0,0.0336819709887458,0.0336819709887458,-3.39079257027678,-3.39079257027678,-3.4854882354721,0,-3.39315364377426,1,131.964601213878,135
"city",2020-08-13,2020,8,13,4,"Thu",74,9950000,28.222102986882,31.6196056218104,0,0,0.032972443699634,0.032972443699634,-3.4120831057603,-3.4120831057603,-3.5149146945266,0,-3.39315364377426,1,131.950553976451,117
"city",2020-08-14,2020,8,14,5,"Fri",75,9950000,27.4103651483593,31.6196056218104,0,0,0.03288584850157,0.03288584850157,-3.41471285047654,-3.41471285047654,-3.4908327430938,0,-3.39315364377426,1,130.635906320781,109
"city",2020-08-15,2020,8,15,6,"Sat",76,9950000,28.2458279348358,31.6196056218104,0,0,0.0381906618558778,0.0381906618558778,-3.26516424728798,-3.26516424728798,-3.35398463464577,0,-3.39315364377426,1,129.43280363432,130
"city",2020-08-16,2020,8,16,0,"Sun",77,9950000,29.1156021947328,31.6196056218104,0,0,0.0400249595205837,0.0400249595205837,-3.21825203145318,-3.21825203145318,-3.326757367706,0,-3.39315364377426,1,129.463167093324,137
"city",2020-08-17,2020,8,17,1,"Mon",78,9950000,28.6345330947276,31.6196056218104,0,0,0.0374120385358707,0.0374120385358707,-3.28576274036998,-3.28576274036998,-3.38796021754238,0,-3.39315364377426,1,133.360883473788,132
"city",2020-08-18,2020,8,18,2,"Tue",79,9950000,26.8723231143027,31.6196056218104,0,0,0.0390590142984473,0.0390590142984473,-3.24268158942685,-3.24268158942685,-3.29180434558288,0,-3.39315364377426,1,132.062364441545,141
"city",2020-08-19,2020,8,19,3,"Wed",80,9950000,25.7845252342928,31.6196056218104,0,0,0.0363906543861437,0.0363906543861437,-3.31344328493817,-3.31344328493817,-3.3352374887564,0,-3.39315364377426,1,132.015647922277,120
"city",2020-08-20,2020,8,20,4,"Thu",81,9950000,25.1988363307863,31.6196056218104,0,0,0.0333598927710769,0.0333598927710769,-3.40040091579301,-3.40040091579301,-3.40637909034766,0,-3.39315364377426,1,131.958261558741,131
"city",2020-08-21,2020,8,21,5,"Fri",82,9950000,23.5215703206845,31.6196056218104,0,0,0.0319124808387064,0.0319124808387064,-3.44475809684695,-3.44475809684695,-3.44475809684695,0,-3.39315364377426,1,130.616282854846,129
"city",2020-08-22,2020,8,22,6,"Sat",83,9950000,24.5896490083336,31.6196056218104,0,0,0.0293031352689981,0.0293031352689981,-3.53006076291597,-3.53006076291597,-3.53006076291597,0,-3.39315364377426,1,129.261485619774,119
"city",2020-08-23,2020,8,23,0,"Sun",84,9950000,24.6327529953363,31.6196056218104,0,0,0.029502748536912,0.029502748536912,-3.52327184923371,-3.52327184923371,-3.52327184923371,0,-3.39315364377426,1,129.265873419586,133
"city",2020-08-24,2020,8,24,1,"Mon",85,9950000,24.754462189403,31.6196056218104,0,0,0.0311389373254337,0.0311389373254337,-3.4692962388672,-3.4692962388672,-3.4692962388672,0,-3.39315364377426,1,133.238558661591,137
"city",2020-08-25,2020,8,25,2,"Tue",86,9950000,26.8381323008999,31.6196056218104,0,0,0.0353117750445636,0.0353117750445636,-3.34353879999769,-3.34353879999769,-3.39699693359915,0,-3.39315364377426,1,131.99578402225,133
"city",2020-08-26,2020,8,26,3,"Wed",87,9950000,27.6830867975147,31.6196056218104,0,0,0.034552971056216,0.034552971056216,-3.36526173952162,-3.36526173952162,-3.44609378222873,0,-3.39315364377426,1,131.98144811864,128
"city",2020-08-27,2020,8,27,4,"Thu",88,9950000,24.9242145260254,31.6196056218104,0,0,0.0307735608212828,0.0307735608212828,-3.48109937254507,-3.48109937254507,-3.48109937254507,0,-3.39315364377426,1,131.905028158779,118
"city",2020-08-28,2020,8,28,5,"Fri",89,9950000,23.8703687167506,31.6196056218104,0,0,0.0360743324548931,0.0360743324548931,-3.32217367886228,-3.32217367886228,-3.32217367886228,0,-3.39315364377426,1,130.696364999462,129
"city",2020-08-29,2020,8,29,6,"Sat",90,9950000,23.3064976315874,31.6196056218104,0,0,0.0364355805926395,0.0364355805926395,-3.31220949296175,-3.31220949296175,-3.31220949296175,0,-3.39315364377426,1,129.402361224661,114
"city",2020-08-30,2020,8,30,0,"Sun",91,9950000,20.5566141332496,31.6196056218104,0,0,0.0313097844449755,0.0313097844449755,-3.46382462820998,-3.46382462820998,-3.46382462820998,0,-3.39315364377426,1,129.304301615166,129
"city",2020-08-31,2020,8,31,1,"Mon",92,9950000,22.7968724055909,31.6196056218104,0,0,0.0320072890201962,0.0320072890201962,-3.44179162023963,-3.44179162023963,-3.44179162023963,0,-3.39315364377426,1,133.256883300305,137
